variant_id	hg19	hg38	gene	hgvs	method	classification	location	doi
12452	"13-32890548-CTGT-C"	"13-32316411-CTGT-C"	"BRCA2"	"NM_000059.4:c.-39-9_-39-7del"	"Minigene Assay,RT-PCR"	"Normal"	"Intronic"	"10.3389/fgene.2018.00366"
12453	"13-32890558-G-A"	"13-32316421-G-A"	"BRCA2"	"NM_000059.4:c.-39-1G>A"	"RT-PCR"	"Splice-altering"	"Intronic"	"10.1093/nar/gky372"
12454	"13-32890600-G-A"	"13-32316463-G-A"	"BRCA2"	"NM_000059.4:c.3G>A"	"RT-PCR"	"Normal"	"Exonic"	"10.1002/humu.22388"
12455	"13-32890603-T-C"	"13-32316466-T-C"	"BRCA2"	"NM_000059.4:c.6T>C"	"Minigene Assay"	"Normal"	"Exonic"	"10.1038/s10038-022-01077-2"
12456	"13-32890625-A-G"	"13-32316488-A-G"	"BRCA2"	"NM_000059.4:c.28A>G"	"cBROCA"	"Normal"	"Exonic"	"10.1073/pnas.1915608116"
12457	"13-32890644-A-AG"	"13-32316507-A-AG"	"BRCA2"	"NM_000059.4:c.48dup"	"Minigene Assay"	"Normal"	"Exonic"	"10.1002/path.5268"
12458	"13-32890659-A-G"	"13-32316522-A-G"	"BRCA2"	"NM_000059.4:c.62A>G"	"Minigene Assay"	"Normal"	"Exonic"	"10.1002/path.5268"
12459	"13-32890664-G-A"	"13-32316527-G-A"	"BRCA2"	"NM_000059.4:c.67G>A"	"RT-PCR"	"Splice-altering"	"Exonic"	"10.1093/nar/gky372"
12460	"13-32890665-G-A"	"13-32316528-G-A"	"BRCA2"	"NM_000059.4:c.67+1G>A"	"RT-PCR"	"Splice-altering"	"Intronic"	"10.1093/nar/gky372"
12461	"13-32890666-T-C"	"13-32316529-T-C"	"BRCA2"	"NM_000059.4:c.67+2T>C"	"RT-PCR"	"Splice-altering"	"Intronic"	"10.1093/nar/gky372"
12462	"13-32890667-A-G"	"13-32316530-A-G"	"BRCA2"	"NM_000059.4:c.67+3A>G"	"RT-PCR"	"Splice-altering"	"Intronic"	"10.1093/nar/gky372"
12463	"13-32890668-T-C"	"13-32316531-T-C"	"BRCA2"	"NM_000059.4:c.67+4T>C"	"RT-PCR"	"Normal"	"Intronic"	"10.1093/nar/gky372"
12464	"13-32893197-AT-A"	"13-32319060-AT-A"	"BRCA2"	"NM_000059.4:c.68-7del"	"Minigene Assay,RT-PCR"	"Normal"	"Intronic"	"10.3389/fgene.2018.00366"
12465	"13-32893207-T-A"	"13-32319070-T-A"	"BRCA2"	"NM_000059.4:c.68-7T>A"	"RT-PCR"	"Splice-altering"	"Intronic"	"10.1093/nar/gky372"
12466	"13-32893217-T-A"	"13-32319080-T-A"	"BRCA2"	"NM_000059.4:c.71T>A"	"Minigene Assay"	"Normal"	"Exonic"	"10.1002/path.5268"
12467	"13-32893225-A-G"	"13-32319088-A-G"	"BRCA2"	"NM_000059.4:c.79A>G"	"Minigene Assay"	"Normal"	"Exonic"	"10.1002/path.5268"
12468	"13-32893238-G-A"	"13-32319101-G-A"	"BRCA2"	"NM_000059.4:c.92G>A"	"Minigene Assay"	"Splice-altering"	"Exonic"	"10.1002/path.5268"
12469	"13-32893239-G-T"	"13-32319102-G-T"	"BRCA2"	"NM_000059.4:c.93G>T"	"Minigene Assay,RT-PCR"	"Splice-altering"	"Exonic"	"10.1002/humu.22388"
12470	"13-32893243-G-A"	"13-32319106-G-A"	"BRCA2"	"NM_000059.4:c.97G>A"	"Minigene Assay"	"Splice-altering"	"Exonic"	"10.1002/path.5268"
12471	"13-32893246-G-A"	"13-32319109-G-A"	"BRCA2"	"NM_000059.4:c.100G>A"	"Minigene Assay"	"Splice-altering"	"Exonic"	"10.1002/path.5268"
12472	"13-32893267-C-T"	"13-32319130-C-T"	"BRCA2"	"NM_000059.4:c.121C>T"	"Minigene Assay"	"Normal"	"Exonic"	"10.1002/path.5268"
12473	"13-32893274-A-G"	"13-32319137-A-G"	"BRCA2"	"NM_000059.4:c.128A>G"	"cBROCA"	"Normal"	"Exonic"	"10.1073/pnas.1915608116"
12474	"13-32893286-C-T"	"13-32319149-C-T"	"BRCA2"	"NM_000059.4:c.140C>T"	"Minigene Assay"	"Splice-altering"	"Exonic"	"10.1002/path.5268"
12475	"13-32893289-A-G"	"13-32319152-A-G"	"BRCA2"	"NM_000059.4:c.143A>G"	"Minigene Assay"	"Splice-altering"	"Exonic"	"10.1002/path.5268"
12476	"13-32893291-G-T"	"13-32319154-G-T"	"BRCA2"	"NM_000059.4:c.145G>T"	"Minigene Assay,RT-PCR"	"Splice-altering"	"Exonic"	"10.1002/humu.22388"
12477	"13-32893313-A-C"	"13-32319176-A-C"	"BRCA2"	"NM_000059.4:c.167A>C"	"RT-PCR"	"Normal"	"Exonic"	"10.1038/s41436-020-0766-9"
12478	"13-32893361-A-G"	"13-32319224-A-G"	"BRCA2"	"NM_000059.4:c.215A>G"	"Minigene Assay"	"Splice-altering"	"Exonic"	"10.1002/path.5268"
12479	"13-32893363-C-T"	"13-32319226-C-T"	"BRCA2"	"NM_000059.4:c.217C>T"	"Minigene Assay"	"Splice-altering"	"Exonic"	"10.1002/path.5268"
12480	"13-32893368-G-A"	"13-32319231-G-A"	"BRCA2"	"NM_000059.4:c.222G>A"	"Minigene Assay"	"Splice-altering"	"Exonic"	"10.1002/path.5268"
12481	"13-32893369-G-C"	"13-32319232-G-C"	"BRCA2"	"NM_000059.4:c.223G>C"	"Minigene Assay,RT-PCR"	"Normal"	"Exonic"	"10.1002/humu.22388"
12482	"13-32893377-T-G"	"13-32319240-T-G"	"BRCA2"	"NM_000059.4:c.231T>G"	"Minigene Assay,RT-PCR"	"Splice-altering"	"Exonic"	"10.1002/humu.22388"
12483	"13-32893390-A-T"	"13-32319253-A-T"	"BRCA2"	"NM_000059.4:c.244A>T"	"Minigene Assay"	"Normal"	"Exonic"	"10.1002/path.5268"
12484	"13-32893396-C-T"	"13-32319259-C-T"	"BRCA2"	"NM_000059.4:c.250C>T"	"Minigene Assay"	"Normal"	"Exonic"	"10.1002/path.5268"
12485	"13-32893426-C-T"	"13-32319289-C-T"	"BRCA2"	"NM_000059.4:c.280C>T"	"RT-PCR"	"Normal"	"Exonic"	"10.1038/s41436-020-0766-9"
12486	"13-32893464-T-C"	"13-32319327-T-C"	"BRCA2"	"NM_000059.4:c.316+2T>C"	"Minigene Assay"	"Splice-altering"	"Intronic"	"10.1002/path.5268"
12487	"13-32893467-G-A"	"13-32319330-G-A"	"BRCA2"	"NM_000059.4:c.316+5G>A"	"RT-PCR"	"Splice-altering"	"Intronic"	"10.1093/nar/gky372"
12488	"13-32893468-T-C"	"13-32319331-T-C"	"BRCA2"	"NM_000059.4:c.316+6T>C"	"RT-PCR"	"Splice-altering"	"Intronic"	"10.1093/nar/gky372"
12489	"13-32899201-G-A"	"13-32325064-G-A"	"BRCA2"	"NM_000059.4:c.317-12G>A"	"RT-PCR"	"Normal"	"Intronic"	"10.1093/nar/gky372"
12490	"13-32899211-A-G"	"13-32325074-A-G"	"BRCA2"	"NM_000059.4:c.317-2A>G"	"Minigene Assay"	"Splice-altering"	"Intronic"	"10.1002/path.5268"
12491	"13-32899248-C-T"	"13-32325111-C-T"	"BRCA2"	"NM_000059.4:c.352C>T"	"Minigene Assay"	"Splice-altering"	"Exonic"	"10.1002/path.5268"
12492	"13-32899263-AAAATG-A"	"13-32325126-AAAATG-A"	"BRCA2"	"NM_000059.4:c.368_372del"	"Minigene Assay"	"Splice-altering"	"Exonic"	"10.1002/path.5268"
12493	"13-32899271-T-A"	"13-32325134-T-A"	"BRCA2"	"NM_000059.4:c.375T>A"	"Minigene Assay"	"Normal"	"Exonic"	"10.1002/path.5268"
12494	"13-32899274-A-G"	"13-32325137-A-G"	"BRCA2"	"NM_000059.4:c.378A>G"	"Minigene Assay"	"Splice-altering"	"Exonic"	"10.1002/path.5268"
12495	"13-32899279-A-G"	"13-32325142-A-G"	"BRCA2"	"NM_000059.4:c.383A>G"	"Minigene Assay"	"Splice-altering"	"Exonic"	"10.1002/path.5268"
12496	"13-32899286-TTCCTG-T"	"13-32325149-TTCCTG-T"	"BRCA2"	"NM_000059.4:c.394_398del"	"Minigene Assay"	"Normal"	"Exonic"	"10.1002/path.5268"
12497	"13-32899321-G-T"	"13-32325184-G-T"	"BRCA2"	"NM_000059.4:c.425G>T"	"RT-PCR"	"Splice-altering"	"Exonic"	"10.1093/nar/gky372"
12498	"13-32899354-A-G"	"13-32325217-A-G"	"BRCA2"	"NM_000059.4:c.425+33A>G"	"RT-PCR"	"Normal"	"Intronic"	"10.1002/humu.22388"
12499	"13-32900216-G-T"	"13-32326079-G-T"	"BRCA2"	"NM_000059.4:c.426-22G>T"	"Minigene Assay"	"Normal"	"Intronic"	"10.1002/humu.22388"
12500	"13-32900222-CTTTGT-C"	"13-32326085-CTTTGT-C"	"BRCA2"	"NM_000059.4:c.426-12_426-8del"	"RT-PCR"	"Splice-altering"	"Intronic"	"10.1002/humu.22388"
12501	"13-32900236-A-T"	"13-32326099-A-T"	"BRCA2"	"NM_000059.4:c.426-2A>T"	"RT-PCR"	"Splice-altering"	"Intronic"	"10.1093/nar/gky372"
12502	"13-32900250-A-G"	"13-32326113-A-G"	"BRCA2"	"NM_000059.4:c.438A>G"	"Minigene Assay"	"Normal"	"Exonic"	"10.1002/path.5268"
12503	"13-32900251-C-T"	"13-32326114-C-T"	"BRCA2"	"NM_000059.4:c.439C>T"	"MaPSy,Minigene Assay,RT-PCR"	"Splice-altering"	"Exonic"	"10.1038/ng.3837,10.1038/ng.3837,10.1002/humu.22388"
12504	"13-32900252-A-G"	"13-32326115-A-G"	"BRCA2"	"NM_000059.4:c.440A>G"	"Minigene Assay"	"Normal"	"Exonic"	"10.1002/path.5268"
12506	"13-32900257-A-G"	"13-32326120-A-G"	"BRCA2"	"NM_000059.4:c.445A>G"	"RT-PCR"	"Normal"	"Exonic"	"10.1002/humu.22388"
12507	"13-32900259-A-G"	"13-32326122-A-G"	"BRCA2"	"NM_000059.4:c.447A>G"	"Minigene Assay"	"Normal"	"Exonic"	"10.1002/path.5268"
12509	"13-32900263-G-A"	"13-32326126-G-A"	"BRCA2"	"NM_000059.4:c.451G>A"	"Minigene Assay"	"Splice-altering"	"Exonic"	"10.1002/path.5268"
12510	"13-32900267-C-A"	"13-32326130-C-A"	"BRCA2"	"NM_000059.4:c.455C>A"	"Minigene Assay,RT-PCR"	"Splice-altering"	"Exonic"	"10.1002/humu.22388"
12511	"13-32900279-A-G"	"13-32326142-A-G"	"BRCA2"	"NM_000059.4:c.467A>G"	"Minigene Assay,RT-PCR"	"Splice-altering"	"Exonic"	"10.1002/humu.22388"
12512	"13-32900280-TAAGTC-T"	"13-32326143-TAAGTC-T"	"BRCA2"	"NM_000059.4:c.470_474del"	"Unspecified"	"Splice-altering"	"Exonic"	"10.1093/nar/gky372"
12513	"13-32900285-C-T"	"13-32326148-C-T"	"BRCA2"	"NM_000059.4:c.473C>T"	"Minigene Assay"	"Splice-altering"	"Exonic"	"10.1093/nar/gky372"
12514	"13-32900287-G-A"	"13-32326150-G-A"	"BRCA2"	"NM_000059.4:c.475G>A"	"RT-PCR"	"Splice-altering"	"Exonic"	"10.1093/nar/gky372"
12515	"13-32900288-G-A"	"13-32326151-G-A"	"BRCA2"	"NM_000059.4:c.475+1G>A"	"Unspecified"	"Splice-altering"	"Intronic"	"10.1093/nar/gky372"
12516	"13-32900290-A-G"	"13-32326153-A-G"	"BRCA2"	"NM_000059.4:c.475+3A>G"	"RT-PCR"	"Splice-altering"	"Intronic"	"10.1093/nar/gky372"
12517	"13-32900292-G-T"	"13-32326155-G-T"	"BRCA2"	"NM_000059.4:c.475+5G>T"	"RT-PCR"	"Splice-altering"	"Intronic"	"10.1016/j.jmol2020.09.007"
12518	"13-32900301-C-T"	"13-32326164-C-T"	"BRCA2"	"NM_000059.4:c.475+14C>T"	"Minigene Assay"	"Normal"	"Intronic"	"10.1038/s10038-022-01077-2"
12519	"13-32900376-C-A"	"13-32326239-C-A"	"BRCA2"	"NM_000059.4:c.476-3C>A"	"RT-PCR"	"Splice-altering"	"Intronic"	"10.1093/nar/gky372"
12520	"13-32900377-A-G"	"13-32326240-A-G"	"BRCA2"	"NM_000059.4:c.476-2A>G"	"RT-PCR"	"Splice-altering"	"Intronic"	"10.1002/humu.22388"
12521	"13-32900381-G-A"	"13-32326244-G-A"	"BRCA2"	"NM_000059.4:c.478G>A"	"Minigene Assay"	"Normal"	"Exonic"	"10.1002/path.5268"
12522	"13-32900386-T-G"	"13-32326249-T-G"	"BRCA2"	"NM_000059.4:c.483T>G"	"MaPSy"	"Splice-altering"	"Exonic"	"10.1038/ng.3837,10.1038/ng.3837"
12524	"13-32900411-T-G"	"13-32326274-T-G"	"BRCA2"	"NM_000059.4:c.508T>G"	"Minigene Assay"	"Normal"	"Exonic"	"10.1002/path.5268"
12525	"13-32900419-G-A"	"13-32326282-G-A"	"BRCA2"	"NM_000059.4:c.516G>A"	"RT-PCR"	"Splice-altering"	"Exonic"	"10.1093/nar/gky372"
12526	"13-32900420-G-A"	"13-32326283-G-A"	"BRCA2"	"NM_000059.4:c.516+1G>A"	"RT-PCR"	"Splice-altering"	"Intronic"	"10.1093/nar/gky372"
12527	"13-32900421-T-A"	"13-32326284-T-A"	"BRCA2"	"NM_000059.4:c.516+2T>A"	"RT-PCR"	"Splice-altering"	"Intronic"	"10.3389/fgene.2018.00366"
12528	"13-32900433-C-T"	"13-32326296-C-T"	"BRCA2"	"NM_000059.4:c.516+14C>T"	"Minigene Assay,RT-PCR"	"Normal"	"Intronic"	"10.1002/humu.22388"
12529	"13-32900437-T-C"	"13-32326300-T-C"	"BRCA2"	"NM_000059.4:c.516+18T>C"	"Minigene Assay"	"Normal"	"Intronic"	"10.1002/humu.22388"
12530	"13-32900616-A-G"	"13-32326479-A-G"	"BRCA2"	"NM_000059.4:c.517-20A>G"	"Minigene Assay,RT-PCR"	"Normal"	"Intronic"	"10.1002/humu.22388"
12531	"13-32900617-C-T"	"13-32326480-C-T"	"BRCA2"	"NM_000059.4:c.517-19C>T"	"RT-PCR"	"Normal"	"Intronic"	"10.1002/humu.22388"
12532	"13-32900634-A-G"	"13-32326497-A-G"	"BRCA2"	"NM_000059.4:c.517-2A>G"	"RT-PCR"	"Splice-altering"	"Intronic"	"10.1093/nar/gky372"
12533	"13-32900635-G-A"	"13-32326498-G-A"	"BRCA2"	"NM_000059.4:c.517-1G>A"	"RT-PCR"	"Splice-altering"	"Intronic"	"10.1093/nar/gky372"
12534	"13-32900636-G-T"	"13-32326499-G-T"	"BRCA2"	"NM_000059.4:c.517G>T"	"Minigene Assay"	"Splice-altering"	"Exonic"	"10.1093/nar/gky372"
12535	"13-32900637-G-T"	"13-32326500-G-T"	"BRCA2"	"NM_000059.4:c.518G>T"	"Minigene Assay,RT-PCR"	"Splice-altering"	"Exonic"	"10.1002/humu.22388"
12536	"13-32900639-C-T"	"13-32326502-C-T"	"BRCA2"	"NM_000059.4:c.520C>T"	"Minigene Assay,RT-PCR"	"Splice-altering"	"Exonic"	"10.1002/humu.22388"
12537	"13-32900641-T-G"	"13-32326504-T-G"	"BRCA2"	"NM_000059.4:c.522T>G"	"Minigene Assay,RT-PCR"	"Normal"	"Exonic"	"10.1002/humu.22388"
12538	"13-32900645-A-T"	"13-32326508-A-T"	"BRCA2"	"NM_000059.4:c.526A>T"	"RT-PCR"	"Normal"	"Exonic"	"10.3389/fgene.2018.00366"
12539	"13-32900683-G-A"	"13-32326546-G-A"	"BRCA2"	"NM_000059.4:c.564G>A"	"Minigene Assay"	"Splice-altering"	"Exonic"	"10.1038/s10038-022-01077-2"
12540	"13-32900691-A-G"	"13-32326554-A-G"	"BRCA2"	"NM_000059.4:c.572A>G"	"Minigene Assay,RT-PCR"	"Splice-altering"	"Exonic"	"10.1002/humu.22388"
12541	"13-32900706-G-A"	"13-32326569-G-A"	"BRCA2"	"NM_000059.4:c.587G>A"	"Minigene Assay,RT-PCR"	"Splice-altering"	"Exonic"	"10.1002/humu.22388"
12542	"13-32900717-A-G"	"13-32326580-A-G"	"BRCA2"	"NM_000059.4:c.598A>G"	"RT-PCR"	"Normal"	"Exonic"	"10.1038/s41436-020-0766-9"
12543	"13-32900718-C-T"	"13-32326581-C-T"	"BRCA2"	"NM_000059.4:c.599C>T"	"Minigene Assay"	"Normal"	"Exonic"	"10.1002/path.5268"
12544	"13-32900725-C-T"	"13-32326588-C-T"	"BRCA2"	"NM_000059.4:c.606C>T"	"Minigene Assay"	"Normal"	"Exonic"	"10.1002/path.5268"
12545	"13-32900736-C-G"	"13-32326599-C-G"	"BRCA2"	"NM_000059.4:c.617C>G"	"Minigene Assay,RT-PCR"	"Splice-altering"	"Exonic"	"10.1002/humu.22388"
12546	"13-32900739-C-T"	"13-32326602-C-T"	"BRCA2"	"NM_000059.4:c.620C>T"	"Minigene Assay"	"Splice-altering"	"Exonic"	"10.1002/path.5268"
12547	"13-32900744-C-T"	"13-32326607-C-T"	"BRCA2"	"NM_000059.4:c.625C>T"	"Minigene Assay,RT-PCR"	"Normal"	"Exonic"	"10.1002/humu.22388"
12548	"13-32900746-C-A"	"13-32326609-C-A"	"BRCA2"	"NM_000059.4:c.627C>A"	"Minigene Assay"	"Normal"	"Exonic"	"10.1002/path.5268"
12549	"13-32900750-G-A"	"13-32326613-G-A"	"BRCA2"	"NM_000059.4:c.631G>A"	"Minigene Assay"	"Splice-altering"	"Exonic"	"10.1093/nar/gky372"
12550	"13-32900751-G-A"	"13-32326614-G-A"	"BRCA2"	"NM_000059.4:c.631+1G>A"	"Minigene Assay"	"Splice-altering"	"Intronic"	"10.1002/path.5268"
12551	"13-32900752-T-G"	"13-32326615-T-G"	"BRCA2"	"NM_000059.4:c.631+2T>G"	"RT-PCR"	"Splice-altering"	"Intronic"	"10.1093/nar/gky372"
12552	"13-32900753-A-G"	"13-32326616-A-G"	"BRCA2"	"NM_000059.4:c.631+3A>G"	"RT-PCR"	"Splice-altering"	"Intronic"	"10.1093/nar/gky372"
12553	"13-32900754-A-G"	"13-32326617-A-G"	"BRCA2"	"NM_000059.4:c.631+4A>G"	"RT-PCR"	"Splice-altering"	"Intronic"	"10.1093/nar/gky372"
12554	"13-32903564-A-C"	"13-32329427-A-C"	"BRCA2"	"NM_000059.4:c.632-16A>C"	"RT-PCR"	"Normal"	"Intronic"	"10.1002/humu.22388"
12555	"13-32903571-A-G"	"13-32329434-A-G"	"BRCA2"	"NM_000059.4:c.632-9A>G"	"RT-PCR"	"Normal"	"Intronic"	"10.1093/nar/gky372"
12556	"13-32903575-TAC-T"	"13-32329438-TAC-T"	"BRCA2"	"NM_000059.4:c.632-3_632-2del"	"Minigene Assay"	"Normal"	"Intronic"	"10.1038/s10038-022-01077-2"
12557	"13-32903577-C-G"	"13-32329440-C-G"	"BRCA2"	"NM_000059.4:c.632-3C>G"	"RT-PCR"	"Splice-altering"	"Intronic"	"10.1093/nar/gky372"
12558	"13-32903579-G-A"	"13-32329442-G-A"	"BRCA2"	"NM_000059.4:c.632-1G>A"	"RT-PCR"	"Splice-altering"	"Intronic"	"10.1093/nar/gky372"
12560	"13-32903581-C-T"	"13-32329444-C-T"	"BRCA2"	"NM_000059.4:c.633C>T"	"RT-PCR"	"Normal"	"Exonic"	"10.1093/nar/gky372"
12564	"13-32903628-C-T"	"13-32329491-C-T"	"BRCA2"	"NM_000059.4:c.680C>T"	"Unspecified"	"Normal"	"Exonic"	"10.1093/nar/gky372"
12565	"13-32903630-G-A"	"13-32329493-G-A"	"BRCA2"	"NM_000059.4:c.681+1G>A"	"RT-PCR"	"Splice-altering"	"Intronic"	"10.1038/s41436-020-0766-9"
12566	"13-32903633-A-G"	"13-32329496-A-G"	"BRCA2"	"NM_000059.4:c.681+4A>G"	"RT-PCR"	"Splice-altering"	"Intronic"	"10.1093/nar/gky372"
12567	"13-32903634-G-C"	"13-32329497-G-C"	"BRCA2"	"NM_000059.4:c.681+5G>C"	"RT-PCR"	"Splice-altering"	"Intronic"	"10.3389/fgene.2018.00366"
12568	"13-32903636-A-T"	"13-32329499-A-T"	"BRCA2"	"NM_000059.4:c.681+7A>T"	"Minigene Assay,RT-PCR"	"Normal"	"Intronic"	"10.1093/nar/gky372"
12569	"13-32905041-CTA-C"	"13-32330904-CTA-C"	"BRCA2"	"NM_000059.4:c.682-12_682-11del"	"Minigene Assay,RT-PCR"	"Normal"	"Intronic"	"10.3389/fgene.2018.00366"
12570	"13-32905047-T-C"	"13-32330910-T-C"	"BRCA2"	"NM_000059.4:c.682-9T>C"	"RT-PCR"	"Normal"	"Intronic"	"10.1093/nar/gky372"
12571	"13-32905052-G-C"	"13-32330915-G-C"	"BRCA2"	"NM_000059.4:c.682-4G>C"	"RT-PCR"	"Normal"	"Intronic"	"10.1093/nar/gky372"
12572	"13-32905054-A-C"	"13-32330917-A-C"	"BRCA2"	"NM_000059.4:c.682-2A>C"	"Unspecified"	"Splice-altering"	"Intronic"	"10.1093/nar/gky372"
12573	"13-32905055-G-C"	"13-32330918-G-C"	"BRCA2"	"NM_000059.4:c.682-1G>C"	"Minigene Assay"	"Splice-altering"	"Intronic"	"10.1002/path.5268"
12574	"13-32905083-G-T"	"13-32330946-G-T"	"BRCA2"	"NM_000059.4:c.709G>T"	"Minigene Assay"	"Normal"	"Exonic"	"10.1002/path.5268"
12575	"13-32905115-C-T"	"13-32330978-C-T"	"BRCA2"	"NM_000059.4:c.741C>T"	"Minigene Assay"	"Normal"	"Exonic"	"10.1002/path.5268"
12576	"13-32905120-C-T"	"13-32330983-C-T"	"BRCA2"	"NM_000059.4:c.746C>T"	"Minigene Assay"	"Normal"	"Exonic"	"10.1002/path.5268"
12577	"13-32905124-G-A"	"13-32330987-G-A"	"BRCA2"	"NM_000059.4:c.750G>A"	"Minigene Assay"	"Normal"	"Exonic"	"10.1002/path.5268"
12578	"13-32905126-C-G"	"13-32330989-C-G"	"BRCA2"	"NM_000059.4:c.752C>G"	"Minigene Assay"	"Normal"	"Exonic"	"10.1002/path.5268"
12579	"13-32905128-GAC-G"	"13-32330991-GAC-G"	"BRCA2"	"NM_000059.4:c.756_757del"	"Minigene Assay"	"Normal"	"Exonic"	"10.1002/path.5268"
12580	"13-32905146-C-A"	"13-32331009-C-A"	"BRCA2"	"NM_000059.4:c.772C>A"	"RT-PCR"	"Normal"	"Exonic"	"10.1038/s41436-020-0766-9"
12581	"13-32905168-G-C"	"13-32331031-G-C"	"BRCA2"	"NM_000059.4:c.793+1G>C"	"RT-PCR"	"Splice-altering"	"Intronic"	"10.1093/nar/gky372"
12582	"13-32906334-G-GA"	"13-32332197-G-GA"	"BRCA2"	"NM_000059.4:c.794-74dup"	"RT-PCR"	"Normal"	"Intronic"	"10.1002/humu.22388"
12583	"13-32906398-T-C"	"13-32332261-T-C"	"BRCA2"	"NM_000059.4:c.794-11T>C"	"RT-PCR"	"Normal"	"Intronic"	"10.1093/nar/gky372"
12584	"13-32906404-A-AT"	"13-32332267-A-AT"	"BRCA2"	"NM_000059.4:c.794-5_794-4insT"	"Minigene Assay,RT-PCR"	"Normal"	"Intronic"	"10.1002/humu.22388"
12585	"13-32906607-A-T"	"13-32332470-A-T"	"BRCA2"	"NM_000059.4:c.992A>T"	"RT-PCR"	"Normal"	"Exonic"	"10.1002/humu.22388"
12586	"13-32906711-T-G"	"13-32332574-T-G"	"BRCA2"	"NM_000059.4:c.1096T>G"	"RT-PCR"	"Normal"	"Exonic"	"10.1002/humu.22388"
12587	"13-32906742-T-G"	"13-32332605-T-G"	"BRCA2"	"NM_000059.4:c.1127T>G"	"RT-PCR"	"Normal"	"Exonic"	"10.1038/s41436-020-0766-9"
12588	"13-32906906-A-C"	"13-32332769-A-C"	"BRCA2"	"NM_000059.4:c.1291A>C"	"RT-PCR"	"Normal"	"Exonic"	"10.1038/s41436-020-0766-9"
12589	"13-32907010-A-C"	"13-32332873-A-C"	"BRCA2"	"NM_000059.4:c.1395A>C"	"Minigene Assay"	"Normal"	"Exonic"	"10.1002/humu.22388"
12590	"13-32907095-G-A"	"13-32332958-G-A"	"BRCA2"	"NM_000059.4:c.1480G>A"	"RT-PCR"	"Normal"	"Exonic"	"10.1038/s41436-020-0766-9"
12591	"13-32907322-G-A"	"13-32333185-G-A"	"BRCA2"	"NM_000059.4:c.1707G>A"	"Minigene Assay"	"Normal"	"Exonic"	"10.1038/s10038-022-01077-2"
12592	"13-32907378-A-G"	"13-32333241-A-G"	"BRCA2"	"NM_000059.4:c.1763A>G"	"Minigene Assay,RT-PCR"	"Splice-altering"	"Exonic"	"10.1002/humu.22388"
12593	"13-32907403-T-C"	"13-32333266-T-C"	"BRCA2"	"NM_000059.4:c.1788T>C"	"RT-PCR"	"Normal"	"Exonic"	"10.1002/humu.22388"
12594	"13-32907419-G-A"	"13-32333282-G-A"	"BRCA2"	"NM_000059.4:c.1804G>A"	"RT-PCR"	"Normal"	"Exonic"	"10.1038/s41436-020-0766-9"
12595	"13-32907535-CTT-C"	"13-32333398-CTT-C"	"BRCA2"	"NM_000059.4:c.1909+21_1909+22del"	"Minigene Assay"	"Normal"	"Intronic"	"10.1038/s10038-022-01077-2"
12596	"13-32910428-A-C"	"13-32336291-A-C"	"BRCA2"	"NM_000059.4:c.1936A>C"	"RT-PCR"	"Normal"	"Exonic"	"10.1038/s41436-020-0766-9"
12597	"13-32911295-G-C"	"13-32337158-G-C"	"BRCA2"	"NM_000059.4:c.2803G>C"	"RT-PCR"	"Normal"	"Exonic"	"10.1038/s41436-020-0766-9"
12598	"13-32911302-A-C"	"13-32337165-A-C"	"BRCA2"	"NM_000059.4:c.2810A>C"	"RT-PCR"	"Normal"	"Exonic"	"10.1038/s41436-020-0766-9"
12599	"13-32911524-C-G"	"13-32337387-C-G"	"BRCA2"	"NM_000059.4:c.3032C>G"	"RT-PCR"	"Normal"	"Exonic"	"10.1038/s41436-020-0766-9"
12600	"13-32911565-A-G"	"13-32337428-A-G"	"BRCA2"	"NM_000059.4:c.3073A>G"	"RT-PCR"	"Normal"	"Exonic"	"10.1038/s41436-020-0766-9"
12601	"13-32911648-A-C"	"13-32337511-A-C"	"BRCA2"	"NM_000059.4:c.3156A>C"	"RT-PCR"	"Normal"	"Exonic"	"10.1002/humu.22388"
12602	"13-32914479-C-G"	"13-32340342-C-G"	"BRCA2"	"NM_000059.4:c.5987C>G"	"RT-PCR"	"Splice-altering"	"Exonic"	"10.1002/humu.22388"
12603	"13-32915331-TG-T"	"13-32341194-TG-T"	"BRCA2"	"NM_000059.4:c.6841+1del"	"RT-PCR"	"Splice-altering"	"Exonic"	"10.1093/nar/gky372"
12604	"13-32918675-T-A"	"13-32344538-T-A"	"BRCA2"	"NM_000059.4:c.6842-20T>A"	"RT-PCR"	"Normal"	"Intronic"	"10.1002/humu.22388"
12605	"13-32918706-A-G"	"13-32344569-A-G"	"BRCA2"	"NM_000059.4:c.6853A>G"	"RT-PCR"	"Splice-altering"	"Exonic"	"10.1002/humu.22388"
12606	"13-32918791-G-T"	"13-32344654-G-T"	"BRCA2"	"NM_000059.4:c.6937+1G>T"	"RT-PCR"	"Normal"	"Intronic"	"10.1038/s41436-020-0766-9"
12607	"13-32919384-T-G"	"13-32345247-T-G"	"BRCA2"	"NM_000059.4:c.6937+594T>G"	"Minigene Assay"	"Splice-altering"	"Intronic"	"10.1158/1078-0432.CCR-12-1100"
12608	"13-32920952-ATTGT-A"	"13-32346815-ATTGT-A"	"BRCA2"	"NM_000059.4:c.6938-9_6938-6del"	"RT-PCR"	"Normal"	"Intronic"	"10.1002/humu.22388"
12609	"13-32920960-C-T"	"13-32346823-C-T"	"BRCA2"	"NM_000059.4:c.6938-4C>T"	"RT-PCR"	"Normal"	"Intronic"	"10.1038/s41436-020-0766-9"
12610	"13-32920961-T-C"	"13-32346824-T-C"	"BRCA2"	"NM_000059.4:c.6938-3T>C"	"Unspecified"	"Normal"	"Intronic"	"10.1093/nar/gky372"
12611	"13-32920969-A-G"	"13-32346832-A-G"	"BRCA2"	"NM_000059.4:c.6943A>G"	"RT-PCR"	"Normal"	"Exonic"	"10.1002/humu.22388"
12613	"13-32920979-G-A"	"13-32346842-G-A"	"BRCA2"	"NM_000059.4:c.6953G>A"	"MaPSy"	"Splice-altering"	"Exonic"	"10.1038/ng.3837,10.1038/ng.3837"
12614	"13-32921032-C-T"	"13-32346895-C-T"	"BRCA2"	"NM_000059.4:c.7006C>T"	"RT-PCR"	"Normal"	"Exonic"	"10.1093/nar/gky372"
12615	"13-32921033-G-A"	"13-32346896-G-A"	"BRCA2"	"NM_000059.4:c.7007G>A"	"Minigene Assay,RT-PCR"	"Splice-altering"	"Exonic"	"10.1093/nar/gky372"
12616	"13-32921033-G-C"	"13-32346896-G-C"	"BRCA2"	"NM_000059.4:c.7007G>C"	"MaPSy"	"Splice-altering"	"Exonic"	"10.1038/ng.3837,10.1038/ng.3837"
12617	"13-32921034-G-C"	"13-32346897-G-C"	"BRCA2"	"NM_000059.4:c.7007+1G>C"	"RT-PCR"	"Splice-altering"	"Intronic"	"10.1093/nar/gky372"
12618	"13-32921035-TA-T"	"13-32346898-TA-T"	"BRCA2"	"NM_000059.4:c.7007+4del"	"RT-PCR"	"Splice-altering"	"Intronic"	"10.1016/j.jmol2020.09.007"
12619	"13-32921038-G-A"	"13-32346901-G-A"	"BRCA2"	"NM_000059.4:c.7007+5G>A"	"cBROCA"	"Splice-altering"	"Intronic"	"10.1073/pnas.1915608116"
12620	"13-32928995-C-G"	"13-32354858-C-G"	"BRCA2"	"NM_000059.4:c.7008-3C>G"	"Minigene Assay"	"Splice-altering"	"Intronic"	"10.3389/fgene.2019.00503"
12621	"13-32928996-A-G"	"13-32354859-A-G"	"BRCA2"	"NM_000059.4:c.7008-2A>G"	"RT-PCR"	"Splice-altering"	"Intronic"	"10.1093/nar/gky372"
12622	"13-32928997-G-A"	"13-32354860-G-A"	"BRCA2"	"NM_000059.4:c.7008-1G>A"	"Minigene Assay"	"Splice-altering"	"Intronic"	"10.3389/fgene.2019.00503"
12623	"13-32929011-C-T"	"13-32354874-C-T"	"BRCA2"	"NM_000059.4:c.7021C>T"	"RT-PCR"	"Normal"	"Exonic"	"10.1038/s41436-020-0766-9"
12624	"13-32929326-A-G"	"13-32355189-A-G"	"BRCA2"	"NM_000059.4:c.7336A>G"	"RT-PCR"	"Normal"	"Exonic"	"10.1002/humu.22388"
12625	"13-32929426-G-C"	"13-32355289-G-C"	"BRCA2"	"NM_000059.4:c.7435+1G>C"	"Minigene Assay"	"Splice-altering"	"Intronic"	"10.3389/fgene.2019.00503"
12626	"13-32929431-G-A"	"13-32355294-G-A"	"BRCA2"	"NM_000059.4:c.7435+6G>A"	"RT-PCR"	"Normal"	"Intronic"	"10.1093/nar/gky372"
12627	"13-32929433-A-G"	"13-32355296-A-G"	"BRCA2"	"NM_000059.4:c.7435+8A>G"	"Unspecified"	"Normal"	"Intronic"	"10.1093/nar/gky372"
12628	"13-32929436-A-T"	"13-32355299-A-T"	"BRCA2"	"NM_000059.4:c.7435+11A>T"	"Minigene Assay"	"Normal"	"Intronic"	"10.1038/s10038-022-01077-2"
12629	"13-32930535-T-G"	"13-32356398-T-G"	"BRCA2"	"NM_000059.4:c.7436-30T>G"	"Minigene Assay"	"Normal"	"Intronic"	"10.1038/s10038-022-01077-2"
12630	"13-32930554-T-C"	"13-32356417-T-C"	"BRCA2"	"NM_000059.4:c.7436-11T>C"	"Minigene Assay"	"Normal"	"Intronic"	"10.1038/s10038-022-01077-2"
12631	"13-32930561-A-T"	"13-32356424-A-T"	"BRCA2"	"NM_000059.4:c.7436-4A>T"	"RT-PCR"	"Normal"	"Intronic"	"10.1093/nar/gky372"
12632	"13-32930563-A-G"	"13-32356426-A-G"	"BRCA2"	"NM_000059.4:c.7436-2A>G"	"RT-PCR"	"Splice-altering"	"Intronic"	"10.1093/nar/gky372"
12633	"13-32930564-G-A"	"13-32356427-G-A"	"BRCA2"	"NM_000059.4:c.7436-1G>A"	"Minigene Assay"	"Splice-altering"	"Intronic"	"10.3389/fgene.2019.00503"
12634	"13-32930576-A-G"	"13-32356439-A-G"	"BRCA2"	"NM_000059.4:c.7447A>G"	"RT-PCR"	"Normal"	"Exonic"	"10.1002/humu.22388"
12635	"13-32930592-G-A"	"13-32356455-G-A"	"BRCA2"	"NM_000059.4:c.7463G>A"	"Minigene Assay,RT-PCR"	"Normal"	"Exonic"	"10.1002/humu.22388"
12636	"13-32930595-A-G"	"13-32356458-A-G"	"BRCA2"	"NM_000059.4:c.7466A>G"	"cBROCA"	"Normal"	"Exonic"	"10.1073/pnas.1915608116"
12637	"13-32930609-C-T"	"13-32356472-C-T"	"BRCA2"	"NM_000059.4:c.7480C>T"	"RT-PCR"	"Normal"	"Exonic"	"10.1002/humu.22388"
12638	"13-32930673-C-T"	"13-32356536-C-T"	"BRCA2"	"NM_000059.4:c.7544C>T"	"RT-PCR"	"Normal"	"Exonic"	"10.1002/humu.22388"
12639	"13-32930688-G-C"	"13-32356551-G-C"	"BRCA2"	"NM_000059.4:c.7559G>C"	"cBROCA"	"Normal"	"Exonic"	"10.1073/pnas.1915608116"
12640	"13-32930739-A-G"	"13-32356602-A-G"	"BRCA2"	"NM_000059.4:c.7610A>G"	"RT-PCR"	"Normal"	"Exonic"	"10.1038/s41436-020-0766-9"
12641	"13-32930746-G-A"	"13-32356609-G-A"	"BRCA2"	"NM_000059.4:c.7617G>A"	"Minigene Assay"	"Normal"	"Exonic"	"10.1038/s10038-022-01077-2"
12642	"13-32930747-G-A"	"13-32356610-G-A"	"BRCA2"	"NM_000059.4:c.7617+1G>A"	"RT-PCR"	"Splice-altering"	"Intronic"	"10.1093/nar/gky372"
12643	"13-32930748-T-G"	"13-32356611-T-G"	"BRCA2"	"NM_000059.4:c.7617+2T>G"	"RT-PCR"	"Splice-altering"	"Intronic"	"10.1093/nar/gky372"
12644	"13-32931878-G-A"	"13-32357741-G-A"	"BRCA2"	"NM_000059.4:c.7618-1G>A"	"Unspecified"	"Splice-altering"	"Intronic"	"10.1093/nar/gky372"
12645	"13-32931887-G-A"	"13-32357750-G-A"	"BRCA2"	"NM_000059.4:c.7626G>A"	"RT-PCR"	"Normal"	"Exonic"	"10.3389/fgene.2018.00366"
12646	"13-32931894-G-A"	"13-32357757-G-A"	"BRCA2"	"NM_000059.4:c.7633G>A"	"RT-PCR"	"Normal"	"Exonic"	"10.1002/humu.22388"
12647	"13-32931944-G-A"	"13-32357807-G-A"	"BRCA2"	"NM_000059.4:c.7683G>A"	"Minigene Assay,RT-PCR"	"Normal"	"Exonic"	"10.1002/humu.22388"
12648	"13-32932057-A-G"	"13-32357920-A-G"	"BRCA2"	"NM_000059.4:c.7796A>G"	"RT-PCR"	"Normal"	"Exonic"	"10.3389/fgene.2018.00366"
12649	"13-32932063-A-G"	"13-32357926-A-G"	"BRCA2"	"NM_000059.4:c.7802A>G"	"cBROCA"	"Splice-altering"	"Exonic"	"10.1073/pnas.1915608116"
12650	"13-32932066-G-C"	"13-32357929-G-C"	"BRCA2"	"NM_000059.4:c.7805G>C"	"RT-PCR"	"Splice-altering"	"Exonic"	"10.1093/nar/gky372"
12651	"13-32932072-C-G"	"13-32357935-C-G"	"BRCA2"	"NM_000059.4:c.7805+6C>G"	"RT-PCR"	"Normal"	"Intronic"	"10.1093/nar/gky372"
12652	"13-32932079-A-G"	"13-32357942-A-G"	"BRCA2"	"NM_000059.4:c.7805+13A>G"	"RT-PCR"	"Normal"	"Intronic"	"10.3389/fgene.2018.00366"
12653	"13-32932083-G-A"	"13-32357946-G-A"	"BRCA2"	"NM_000059.4:c.7805+17G>A"	"RT-PCR"	"Normal"	"Intronic"	"10.3389/fgene.2018.00366"
12654	"13-32936651-T-G"	"13-32362514-T-G"	"BRCA2"	"NM_000059.4:c.7806-9T>G"	"RT-PCR"	"Splice-altering"	"Intronic"	"10.1093/nar/gky372"
12655	"13-32936658-A-G"	"13-32362521-A-G"	"BRCA2"	"NM_000059.4:c.7806-2A>G"	"RT-PCR"	"Splice-altering"	"Intronic"	"10.1093/nar/gky372"
12656	"13-32936659-G-A"	"13-32362522-G-A"	"BRCA2"	"NM_000059.4:c.7806-1G>A"	"Minigene Assay,RT-PCR"	"Splice-altering"	"Intronic"	"10.3389/fgene.2018.00366"
12657	"13-32936661-G-C"	"13-32362524-G-C"	"BRCA2"	"NM_000059.4:c.7807G>C"	"RT-PCR"	"Normal"	"Exonic"	"10.1093/nar/gky372"
12658	"13-32936674-C-T"	"13-32362537-C-T"	"BRCA2"	"NM_000059.4:c.7820C>T"	"cBROCA"	"Normal"	"Exonic"	"10.1073/pnas.1915608116"
12659	"13-32936676-C-G"	"13-32362539-C-G"	"BRCA2"	"NM_000059.4:c.7822C>G"	"RT-PCR"	"Normal"	"Exonic"	"10.1038/s41436-020-0766-9"
12660	"13-32936733-A-T"	"13-32362596-A-T"	"BRCA2"	"NM_000059.4:c.7879A>T"	"cBROCA"	"Normal"	"Exonic"	"10.1073/pnas.1915608116"
12661	"13-32936756-G-A"	"13-32362619-G-A"	"BRCA2"	"NM_000059.4:c.7902G>A"	"cBROCA"	"Normal"	"Exonic"	"10.1073/pnas.1915608116"
12662	"13-32936782-C-G"	"13-32362645-C-G"	"BRCA2"	"NM_000059.4:c.7928C>G"	"Minigene Assay,RT-PCR"	"Normal"	"Exonic"	"10.1002/humu.22388"
12663	"13-32936825-A-G"	"13-32362688-A-G"	"BRCA2"	"NM_000059.4:c.7971A>G"	"Minigene Assay,RT-PCR"	"Normal"	"Exonic"	"10.1002/humu.22388"
12664	"13-32936829-A-G"	"13-32362692-A-G"	"BRCA2"	"NM_000059.4:c.7975A>G"	"RT-PCR"	"Splice-altering"	"Exonic"	"10.1093/nar/gky372"
12665	"13-32936830-G-A"	"13-32362693-G-A"	"BRCA2"	"NM_000059.4:c.7976G>A"	"RT-PCR"	"Splice-altering"	"Exonic"	"10.1093/nar/gky372"
12666	"13-32936831-G-A"	"13-32362694-G-A"	"BRCA2"	"NM_000059.4:c.7976+1G>A"	"Minigene Assay,RT-PCR"	"Splice-altering"	"Intronic"	"10.3389/fgene.2018.00366"
12667	"13-32936832-C-G"	"13-32362695-C-G"	"BRCA2"	"NM_000059.4:c.7976+2C>G"	"cBROCA"	"Splice-altering"	"Intronic"	"10.1073/pnas.1915608116"
12668	"13-32936833-A-G"	"13-32362696-A-G"	"BRCA2"	"NM_000059.4:c.7976+3A>G"	"Minigene Assay"	"Splice-altering"	"Intronic"	"10.1038/s10038-022-01077-2"
12669	"13-32936835-G-T"	"13-32362698-G-T"	"BRCA2"	"NM_000059.4:c.7976+5G>T"	"Unspecified"	"Normal"	"Intronic"	"10.1093/nar/gky372"
12670	"13-32936865-C-A"	"13-32362728-C-A"	"BRCA2"	"NM_000059.4:c.7976+35C>A"	"RT-PCR"	"Normal"	"Intronic"	"10.1002/humu.22388"
12671	"13-32937309-C-G"	"13-32363172-C-G"	"BRCA2"	"NM_000059.4:c.7977-7C>G"	"Minigene Assay,RT-PCR"	"Splice-altering"	"Intronic"	"10.1093/nar/gky372"
12672	"13-32937310-T-G"	"13-32363173-T-G"	"BRCA2"	"NM_000059.4:c.7977-6T>G"	"RT-PCR"	"Splice-altering"	"Intronic"	"10.1093/nar/gky372"
12673	"13-32937311-TTTAGA-T"	"13-32363174-TTTAGA-T"	"BRCA2"	"NM_000059.4:c.7977-3_7978del"	"Minigene Assay,RT-PCR"	"Splice-altering"	"Intronic"	"10.3389/fgene.2018.00366"
12674	"13-32937314-A-T"	"13-32363177-A-T"	"BRCA2"	"NM_000059.4:c.7977-2A>T"	"Minigene Assay,RT-PCR"	"Splice-altering"	"Intronic"	"10.3389/fgene.2018.00366"
12676	"13-32937315-G-C"	"13-32363178-G-C"	"BRCA2"	"NM_000059.4:c.7977-1G>C"	"Unspecified"	"Splice-altering"	"Intronic"	"10.1093/nar/gky372"
12677	"13-32937327-A-T"	"13-32363190-A-T"	"BRCA2"	"NM_000059.4:c.7988A>T"	"RT-PCR"	"Splice-altering"	"Exonic"	"10.1002/humu.22388"
12678	"13-32937331-T-A"	"13-32363194-T-A"	"BRCA2"	"NM_000059.4:c.7992T>A"	"Minigene Assay,RT-PCR"	"Splice-altering"	"Exonic"	"10.1002/humu.22388"
12679	"13-32937348-C-T"	"13-32363211-C-T"	"BRCA2"	"NM_000059.4:c.8009C>T"	"cBROCA"	"Splice-altering"	"Exonic"	"10.1073/pnas.1915608116"
12680	"13-32937362-A-G"	"13-32363225-A-G"	"BRCA2"	"NM_000059.4:c.8023A>G"	"Minigene Assay,RT-PCR"	"Splice-altering"	"Exonic"	"10.1002/humu.22388"
12681	"13-32937374-G-T"	"13-32363237-G-T"	"BRCA2"	"NM_000059.4:c.8035G>T"	"Minigene Assay,RT-PCR"	"Splice-altering"	"Exonic"	"10.1002/humu.22388"
12682	"13-32937501-T-G"	"13-32363364-T-G"	"BRCA2"	"NM_000059.4:c.8162T>G"	"Minigene Assay,RT-PCR"	"Normal"	"Exonic"	"10.1002/humu.22388"
12683	"13-32937504-C-G"	"13-32363367-C-G"	"BRCA2"	"NM_000059.4:c.8165C>G"	"RT-PCR"	"Splice-altering"	"Exonic"	"10.1002/humu.22388"
12684	"13-32937507-A-C"	"13-32363370-A-C"	"BRCA2"	"NM_000059.4:c.8168A>C"	"RT-PCR"	"Normal"	"Exonic"	"10.1002/humu.22388"
12685	"13-32937531-A-G"	"13-32363394-A-G"	"BRCA2"	"NM_000059.4:c.8192A>G"	"RT-PCR"	"Normal"	"Exonic"	"10.1038/s41436-020-0766-9"
12686	"13-32937545-C-T"	"13-32363408-C-T"	"BRCA2"	"NM_000059.4:c.8206C>T"	"cBROCA"	"Normal"	"Exonic"	"10.1073/pnas.1915608116"
12687	"13-32937593-ATTC-A"	"13-32363456-ATTC-A"	"BRCA2"	"NM_000059.4:c.8258_8260del"	"Minigene Assay,RT-PCR"	"Splice-altering"	"Exonic"	"10.1002/humu.22388"
12688	"13-32937597-T-C"	"13-32363460-T-C"	"BRCA2"	"NM_000059.4:c.8258T>C"	"RT-PCR"	"Normal"	"Exonic"	"10.1038/s41436-020-0766-9"
12689	"13-32937624-C-G"	"13-32363487-C-G"	"BRCA2"	"NM_000059.4:c.8285C>G"	"cBROCA"	"Normal"	"Exonic"	"10.1073/pnas.1915608116"
12690	"13-32937647-G-A"	"13-32363510-G-A"	"BRCA2"	"NM_000059.4:c.8308G>A"	"RT-PCR"	"Normal"	"Exonic"	"10.1002/humu.22388"
12691	"13-32937663-T-G"	"13-32363526-T-G"	"BRCA2"	"NM_000059.4:c.8324T>G"	"Minigene Assay"	"Normal"	"Exonic"	"10.1002/humu.22388"
12692	"13-32937670-G-A"	"13-32363533-G-A"	"BRCA2"	"NM_000059.4:c.8331G>A"	"Minigene Assay"	"Splice-altering"	"Exonic"	"10.1093/nar/gky372"
12693	"13-32937671-G-T"	"13-32363534-G-T"	"BRCA2"	"NM_000059.4:c.8331+1G>T"	"RT-PCR"	"Splice-altering"	"Intronic"	"10.1002/humu.22388"
12694	"13-32937672-T-C"	"13-32363535-T-C"	"BRCA2"	"NM_000059.4:c.8331+2T>C"	"Minigene Assay,RT-PCR"	"Splice-altering"	"Intronic"	"10.3389/fgene.2018.00366"
12695	"13-32937673-A-C"	"13-32363536-A-C"	"BRCA2"	"NM_000059.4:c.8331+3A>C"	"cBROCA"	"Splice-altering"	"Intronic"	"10.1073/pnas.1915608116"
12696	"13-32937686-C-G"	"13-32363549-C-G"	"BRCA2"	"NM_000059.4:c.8331+16C>G"	"Minigene Assay"	"Normal"	"Intronic"	"10.1002/humu.22388"
12697	"13-32937692-G-C"	"13-32363555-G-C"	"BRCA2"	"NM_000059.4:c.8331+22G>C"	"Minigene Assay,RT-PCR"	"Normal"	"Intronic"	"10.1002/humu.22388"
12698	"13-32944485-T-G"	"13-32370348-T-G"	"BRCA2"	"NM_000059.4:c.8332-54T>G"	"Minigene Assay,RT-PCR"	"Normal"	"Intronic"	"10.1002/humu.22388"
12699	"13-32944526-T-G"	"13-32370389-T-G"	"BRCA2"	"NM_000059.4:c.8332-13T>G"	"RT-PCR"	"Splice-altering"	"Intronic"	"10.3389/fgene.2018.00366"
12700	"13-32944537-A-G"	"13-32370400-A-G"	"BRCA2"	"NM_000059.4:c.8332-2A>G"	"RT-PCR"	"Splice-altering"	"Intronic"	"10.3389/fgene.2018.00366"
12701	"13-32944538-G-A"	"13-32370401-G-A"	"BRCA2"	"NM_000059.4:c.8332-1G>A"	"RT-PCR"	"Splice-altering"	"Intronic"	"10.1093/nar/gky372"
12702	"13-32944557-C-T"	"13-32370420-C-T"	"BRCA2"	"NM_000059.4:c.8350C>T"	"RT-PCR"	"Normal"	"Exonic"	"10.1002/humu.22388"
12703	"13-32944566-C-T"	"13-32370429-C-T"	"BRCA2"	"NM_000059.4:c.8359C>T"	"cBROCA"	"Normal"	"Exonic"	"10.1073/pnas.1915608116"
12704	"13-32944585-G-A"	"13-32370448-G-A"	"BRCA2"	"NM_000059.4:c.8378G>A"	"Minigene Assay"	"Splice-altering"	"Exonic"	"10.1002/humu.22388"
12705	"13-32944628-G-T"	"13-32370491-G-T"	"BRCA2"	"NM_000059.4:c.8421G>T"	"RT-PCR"	"Normal"	"Exonic"	"10.1002/humu.22388"
12706	"13-32944667-A-C"	"13-32370530-A-C"	"BRCA2"	"NM_000059.4:c.8460A>C"	"Minigene Assay,RT-PCR"	"Normal"	"Exonic"	"10.1002/humu.22388"
12707	"13-32944693-A-G"	"13-32370556-A-G"	"BRCA2"	"NM_000059.4:c.8486A>G"	"RT-PCR"	"Splice-altering"	"Exonic"	"10.1093/nar/gky372"
12708	"13-32944694-G-A"	"13-32370557-G-A"	"BRCA2"	"NM_000059.4:c.8487G>A"	"Minigene Assay"	"Splice-altering"	"Exonic"	"10.1093/nar/gky372"
12709	"13-32944695-G-A"	"13-32370558-G-A"	"BRCA2"	"NM_000059.4:c.8487+1G>A"	"Minigene Assay"	"Splice-altering"	"Intronic"	"10.1093/nar/gky372"
12710	"13-32944696-T-C"	"13-32370559-T-C"	"BRCA2"	"NM_000059.4:c.8487+2T>C"	"RT-PCR"	"Splice-altering"	"Intronic"	"10.1093/nar/gky372"
12711	"13-32944697-A-G"	"13-32370560-A-G"	"BRCA2"	"NM_000059.4:c.8487+3A>G"	"Minigene Assay,RT-PCR"	"Splice-altering"	"Intronic"	"10.1093/nar/gky372"
12712	"13-32944702-G-A"	"13-32370565-G-A"	"BRCA2"	"NM_000059.4:c.8487+8G>A"	"Unspecified"	"Normal"	"Intronic"	"10.1093/nar/gky372"
12713	"13-32944713-A-G"	"13-32370576-A-G"	"BRCA2"	"NM_000059.4:c.8487+19A>G"	"RT-PCR"	"Normal"	"Intronic"	"10.1002/humu.22388"
12714	"13-32945073-T-G"	"13-32370936-T-G"	"BRCA2"	"NM_000059.4:c.8488-20T>G"	"RT-PCR"	"Normal"	"Intronic"	"10.3389/fgene.2018.00366"
12715	"13-32945083-A-G"	"13-32370946-A-G"	"BRCA2"	"NM_000059.4:c.8488-10A>G"	"Minigene Assay"	"Normal"	"Intronic"	"10.1038/s10038-022-01077-2"
12716	"13-32945091-A-G"	"13-32370954-A-G"	"BRCA2"	"NM_000059.4:c.8488-2A>G"	"Minigene Assay"	"Splice-altering"	"Intronic"	"10.1093/nar/gky372"
12717	"13-32945092-G-A"	"13-32370955-G-A"	"BRCA2"	"NM_000059.4:c.8488-1G>A"	"Minigene Assay,RT-PCR"	"Splice-altering"	"Intronic"	"10.1002/humu.22388"
12718	"13-32945115-G-T"	"13-32370978-G-T"	"BRCA2"	"NM_000059.4:c.8510G>T"	"cBROCA"	"Normal"	"Exonic"	"10.1073/pnas.1915608116"
12719	"13-32945238-G-A"	"13-32371101-G-A"	"BRCA2"	"NM_000059.4:c.8632+1G>A"	"RT-PCR"	"Splice-altering"	"Intronic"	"10.1093/nar/gky372"
12720	"13-32950779-TGAATTAATAATCCTTTTGTTTTCTTA-T"	"13-32376642-TGAATTAATAATCCTTTTGTTTTCTTA-T"	"BRCA2"	"NM_000059.4:c.8633-24_8634del"	"Unspecified"	"Splice-altering"	"Intronic"	"10.1093/nar/gky372"
12721	"13-32950791-C-A"	"13-32376654-C-A"	"BRCA2"	"NM_000059.4:c.8633-16C>A"	"Minigene Assay"	"Normal"	"Intronic"	"10.1038/s10038-022-01077-2"
12722	"13-32950805-A-G"	"13-32376668-A-G"	"BRCA2"	"NM_000059.4:c.8633-2A>G"	"RT-PCR"	"Splice-altering"	"Intronic"	"10.1093/nar/gky372"
12723	"13-32950836-C-T"	"13-32376699-C-T"	"BRCA2"	"NM_000059.4:c.8662C>T"	"Minigene Assay"	"Normal"	"Exonic"	"10.1002/humu.22388"
12724	"13-32950928-G-A"	"13-32376791-G-A"	"BRCA2"	"NM_000059.4:c.8754G>A"	"Unspecified"	"Splice-altering"	"Exonic"	"10.1093/nar/gky372"
12725	"13-32950929-G-A"	"13-32376792-G-A"	"BRCA2"	"NM_000059.4:c.8754+1G>A"	"Unspecified"	"Splice-altering"	"Intronic"	"10.1093/nar/gky372"
12726	"13-32950931-G-C"	"13-32376794-G-C"	"BRCA2"	"NM_000059.4:c.8754+3G>C"	"Minigene Assay"	"Splice-altering"	"Intronic"	"10.1093/nar/gky372"
12727	"13-32950932-A-G"	"13-32376795-A-G"	"BRCA2"	"NM_000059.4:c.8754+4A>G"	"RT-PCR"	"Splice-altering"	"Intronic"	"10.1093/nar/gky372"
12728	"13-32950933-G-A"	"13-32376796-G-A"	"BRCA2"	"NM_000059.4:c.8754+5G>A"	"RT-PCR"	"Splice-altering"	"Intronic"	"10.1093/nar/gky372"
12729	"13-32950939-A-C"	"13-32376802-A-C"	"BRCA2"	"NM_000059.4:c.8754+11A>C"	"RT-PCR"	"Normal"	"Intronic"	"10.1002/humu.22388"
12730	"13-32953453-G-A"	"13-32379316-G-A"	"BRCA2"	"NM_000059.4:c.8755-1G>A"	"RT-PCR"	"Splice-altering"	"Intronic"	"10.1002/humu.22388"
12731	"13-32953538-G-A"	"13-32379401-G-A"	"BRCA2"	"NM_000059.4:c.8839G>A"	"RT-PCR"	"Normal"	"Exonic"	"10.1002/humu.22388"
12732	"13-32953643-AAAGATTCAGGT-A"	"13-32379506-AAAGATTCAGGT-A"	"BRCA2"	"NM_000059.4:c.8948_8953+5del"	"Unspecified"	"Splice-altering"	"Exonic"	"10.1093/nar/gky372"
12733	"13-32953653-G-T"	"13-32379516-G-T"	"BRCA2"	"NM_000059.4:c.8953+1G>T"	"Minigene Assay,RT-PCR"	"Splice-altering"	"Intronic"	"10.3389/fgene.2018.00366"
12734	"13-32953654-T-G"	"13-32379517-T-G"	"BRCA2"	"NM_000059.4:c.8953+2T>G"	"RT-PCR"	"Splice-altering"	"Intronic"	"10.1093/nar/gky372"
12735	"13-32953665-A-G"	"13-32379528-A-G"	"BRCA2"	"NM_000059.4:c.8953+13A>G"	"RT-PCR"	"Normal"	"Intronic"	"10.1002/humu.22388"
12736	"13-32953700-A-T"	"13-32379563-A-T"	"BRCA2"	"NM_000059.4:c.8953+48A>T"	"Minigene Assay"	"Normal"	"Intronic"	"10.1038/s10038-022-01077-2"
12737	"13-32953872-T-G"	"13-32379735-T-G"	"BRCA2"	"NM_000059.4:c.8954-15T>G"	"RT-PCR"	"Splice-altering"	"Intronic"	"10.1002/humu.22388"
12738	"13-32953882-A-G"	"13-32379745-A-G"	"BRCA2"	"NM_000059.4:c.8954-5A>G"	"RT-PCR"	"Splice-altering"	"Intronic"	"10.1093/nar/gky372"
12739	"13-32953884-C-G"	"13-32379747-C-G"	"BRCA2"	"NM_000059.4:c.8954-3C>G"	"Minigene Assay"	"Splice-altering"	"Intronic"	"10.1093/nar/gky372"
12740	"13-32953885-A-T"	"13-32379748-A-T"	"BRCA2"	"NM_000059.4:c.8954-2A>T"	"RT-PCR"	"Splice-altering"	"Intronic"	"10.3389/fgene.2018.00366"
12741	"13-32953895-A-G"	"13-32379758-A-G"	"BRCA2"	"NM_000059.4:c.8962A>G"	"Minigene Assay,RT-PCR"	"Normal"	"Exonic"	"10.1002/humu.22388"
12742	"13-32953896-G-A"	"13-32379759-G-A"	"BRCA2"	"NM_000059.4:c.8963G>A"	"Minigene Assay"	"Normal"	"Exonic"	"10.1002/humu.22388"
12743	"13-32953897-TA-T"	"13-32379760-TA-T"	"BRCA2"	"NM_000059.4:c.8965del"	"RT-PCR"	"Normal"	"Exonic"	"10.1002/humu.22388"
12744	"13-32953902-G-A"	"13-32379765-G-A"	"BRCA2"	"NM_000059.4:c.8969G>A"	"Minigene Assay"	"Splice-altering"	"Exonic"	"10.1002/humu.22388"
12745	"13-32953905-G-A"	"13-32379768-G-A"	"BRCA2"	"NM_000059.4:c.8972G>A"	"Minigene Assay,RT-PCR"	"Normal"	"Exonic"	"10.1002/humu.22388"
12746	"13-32953939-A-T"	"13-32379802-A-T"	"BRCA2"	"NM_000059.4:c.9006A>T"	"Minigene Assay"	"Splice-altering"	"Exonic"	"10.1002/humu.22388"
12747	"13-32953957-TTATCA-T"	"13-32379820-TTATCA-T"	"BRCA2"	"NM_000059.4:c.9026_9030del"	"Minigene Assay,RT-PCR"	"Normal"	"Exonic"	"10.1002/humu.22388"
12748	"13-32954009-C-G"	"13-32379872-C-G"	"BRCA2"	"NM_000059.4:c.9076C>G"	"cBROCA"	"Normal"	"Exonic"	"10.1073/pnas.1915608116"
12749	"13-32954020-G-A"	"13-32379883-G-A"	"BRCA2"	"NM_000059.4:c.9087G>A"	"Minigene Assay"	"Normal"	"Exonic"	"10.1002/humu.22388"
12750	"13-32954037-A-C"	"13-32379900-A-C"	"BRCA2"	"NM_000059.4:c.9104A>C"	"Minigene Assay"	"Normal"	"Exonic"	"10.1002/humu.22388"
12751	"13-32954049-C-T"	"13-32379912-C-T"	"BRCA2"	"NM_000059.4:c.9116C>T"	"RT-PCR"	"Normal"	"Exonic"	"10.1093/nar/gky372"
12752	"13-32954050-G-A"	"13-32379913-G-A"	"BRCA2"	"NM_000059.4:c.9117G>A"	"Minigene Assay,RT-PCR"	"Splice-altering"	"Exonic"	"10.1093/nar/gky372"
12753	"13-32954051-G-A"	"13-32379914-G-A"	"BRCA2"	"NM_000059.4:c.9117+1G>A"	"Minigene Assay"	"Splice-altering"	"Intronic"	"10.1093/nar/gky372"
12754	"13-32954052-T-A"	"13-32379915-T-A"	"BRCA2"	"NM_000059.4:c.9117+2T>A"	"RT-PCR"	"Splice-altering"	"Intronic"	"10.1093/nar/gky372"
12755	"13-32954059-C-T"	"13-32379922-C-T"	"BRCA2"	"NM_000059.4:c.9117+9C>T"	"RT-PCR"	"Normal"	"Intronic"	"10.1002/humu.22388"
12756	"13-32954128-G-T"	"13-32379991-G-T"	"BRCA2"	"NM_000059.4:c.9118-16G>T"	"Minigene Assay"	"Normal"	"Intronic"	"10.1038/s10038-022-01077-2"
12757	"13-32954140-GTA-TTT"	"13-32380003-GTA-TTT"	"BRCA2"	"NM_000059.4:c.9118-4_9118-2delinsTTT"	"RT-PCR"	"Splice-altering"	"Intronic"	"10.1093/nar/gky372"
12758	"13-32954142-A-G"	"13-32380005-A-G"	"BRCA2"	"NM_000059.4:c.9118-2A>G"	"Minigene Assay,RT-PCR"	"Splice-altering"	"Intronic"	"10.1002/humu.22388"
12759	"13-32954180-C-T"	"13-32380043-C-T"	"BRCA2"	"NM_000059.4:c.9154C>T"	"RT-PCR"	"Normal"	"Exonic"	"10.1002/humu.22388"
12760	"13-32954198-A-G"	"13-32380061-A-G"	"BRCA2"	"NM_000059.4:c.9172A>G"	"Minigene Assay,RT-PCR"	"Normal"	"Exonic"	"10.1002/humu.22388"
12761	"13-32954239-G-T"	"13-32380102-G-T"	"BRCA2"	"NM_000059.4:c.9213G>T"	"Minigene Assay,RT-PCR"	"Normal"	"Exonic"	"10.1002/humu.22388"
12762	"13-32954260-C-T"	"13-32380123-C-T"	"BRCA2"	"NM_000059.4:c.9234C>T"	"Minigene Assay,RT-PCR"	"Splice-altering"	"Exonic"	"10.1002/humu.22388"
12763	"13-32954268-T-C"	"13-32380131-T-C"	"BRCA2"	"NM_000059.4:c.9242T>C"	"RT-PCR"	"Normal"	"Exonic"	"10.1038/s41436-020-0766-9"
12764	"13-32954273-AAAAAAACAGGTAATGC-A"	"13-32380136-AAAAAAACAGGTAATGC-A"	"BRCA2"	"NM_000059.4:c.9249_9256+8del"	"Minigene Assay"	"Splice-altering"	"Exonic"	"10.1093/nar/gky372"
12765	"13-32954282-G-T"	"13-32380145-G-T"	"BRCA2"	"NM_000059.4:c.9256G>T"	"Minigene Assay"	"Splice-altering"	"Exonic"	"10.1093/nar/gky372"
12766	"13-32954283-G-A"	"13-32380146-G-A"	"BRCA2"	"NM_000059.4:c.9256+1G>A"	"Minigene Assay,RT-PCR"	"Splice-altering"	"Intronic"	"10.1002/humu.22388"
12767	"13-32968713-T-G"	"13-32394576-T-G"	"BRCA2"	"NM_000059.4:c.9257-113T>G"	"Minigene Assay,RT-PCR"	"Normal"	"Intronic"	"10.1002/humu.22388"
12768	"13-32968743-G-A"	"13-32394606-G-A"	"BRCA2"	"NM_000059.4:c.9257-83G>A"	"Minigene Assay,RT-PCR"	"Normal"	"Intronic"	"10.1002/humu.22388"
12769	"13-32968808-C-A"	"13-32394671-C-A"	"BRCA2"	"NM_000059.4:c.9257-18C>A"	"RT-PCR"	"Normal"	"Intronic"	"10.1002/humu.22388"
12770	"13-32968810-T-C"	"13-32394673-T-C"	"BRCA2"	"NM_000059.4:c.9257-16T>C"	"RT-PCR"	"Normal"	"Intronic"	"10.1002/humu.22388"
12771	"13-32968825-G-C"	"13-32394688-G-C"	"BRCA2"	"NM_000059.4:c.9257-1G>C"	"Minigene Assay,RT-PCR"	"Splice-altering"	"Intronic"	"10.3389/fgene.2018.00366"
12772	"13-32968913-A-G"	"13-32394776-A-G"	"BRCA2"	"NM_000059.4:c.9344A>G"	"cBROCA"	"Normal"	"Exonic"	"10.1073/pnas.1915608116"
12773	"13-32968936-A-G"	"13-32394799-A-G"	"BRCA2"	"NM_000059.4:c.9367A>G"	"RT-PCR"	"Normal"	"Exonic"	"10.1038/s41436-020-0766-9"
12774	"13-32969025-G-T"	"13-32394888-G-T"	"BRCA2"	"NM_000059.4:c.9456G>T"	"RT-PCR"	"Normal"	"Exonic"	"10.1038/s41436-020-0766-9"
12775	"13-32969073-A-T"	"13-32394936-A-T"	"BRCA2"	"NM_000059.4:c.9501+3A>T"	"Minigene Assay,RT-PCR"	"Splice-altering"	"Intronic"	"10.1093/nar/gky372"
12776	"13-32969074-A-G"	"13-32394937-A-G"	"BRCA2"	"NM_000059.4:c.9501+4A>G"	"Minigene Assay,RT-PCR"	"Normal"	"Intronic"	"10.1093/nar/gky372"
12777	"13-32969079-A-C"	"13-32394942-A-C"	"BRCA2"	"NM_000059.4:c.9501+9A>C"	"Minigene Assay,RT-PCR"	"Normal"	"Intronic"	"10.1002/humu.22388"
12778	"13-32971022-C-G"	"13-32396885-C-G"	"BRCA2"	"NM_000059.4:c.9502-13C>G"	"RT-PCR"	"Normal"	"Intronic"	"10.1038/s41436-020-0766-9"
12779	"13-32971023-T-G"	"13-32396886-T-G"	"BRCA2"	"NM_000059.4:c.9502-12T>G"	"RT-PCR"	"Splice-altering"	"Intronic"	"10.1093/nar/gky372"
12780	"13-32971033-A-C"	"13-32396896-A-C"	"BRCA2"	"NM_000059.4:c.9502-2A>C"	"Unspecified"	"Splice-altering"	"Intronic"	"10.1093/nar/gky372"
12781	"13-32971067-C-T"	"13-32396930-C-T"	"BRCA2"	"NM_000059.4:c.9534C>T"	"Minigene Assay"	"Normal"	"Exonic"	"10.1038/s10038-022-01077-2"
12782	"13-32971085-G-C"	"13-32396948-G-C"	"BRCA2"	"NM_000059.4:c.9552G>C"	"Minigene Assay"	"Normal"	"Exonic"	"10.1002/humu.22388"
12783	"13-32971119-A-G"	"13-32396982-A-G"	"BRCA2"	"NM_000059.4:c.9586A>G"	"RT-PCR"	"Normal"	"Exonic"	"10.1038/s41436-020-0766-9"
12784	"13-32971137-C-T"	"13-32397000-C-T"	"BRCA2"	"NM_000059.4:c.9604C>T"	"RT-PCR"	"Normal"	"Exonic"	"10.1038/s41436-020-0766-9"
12785	"13-32971181-G-A"	"13-32397044-G-A"	"BRCA2"	"NM_000059.4:c.9648G>A"	"Minigene Assay,RT-PCR"	"Splice-altering"	"Exonic"	"10.3389/fgene.2018.00366"
12786	"13-32971192-G-T"	"13-32397055-G-T"	"BRCA2"	"NM_000059.4:c.9648+11G>T"	"Minigene Assay"	"Normal"	"Intronic"	"10.1038/s10038-022-01077-2"
12787	"13-32971193-T-G"	"13-32397056-T-G"	"BRCA2"	"NM_000059.4:c.9648+12T>G"	"Minigene Assay"	"Normal"	"Intronic"	"10.1038/s10038-022-01077-2"
12788	"13-32971285-AT-A"	"13-32397148-AT-A"	"BRCA2"	"NM_000059.4:c.9648+106del"	"Minigene Assay,RT-PCR"	"Normal"	"Intronic"	"10.1002/humu.22388"
12789	"13-32971308-G-A"	"13-32397171-G-A"	"BRCA2"	"NM_000059.4:c.9648+127G>A"	"cBROCA"	"Normal"	"Intronic"	"10.1073/pnas.1915608116"
12790	"13-32972286-AT-A"	"13-32398149-AT-A"	"BRCA2"	"NM_000059.4:c.9649-6del"	"Minigene Assay"	"Normal"	"Intronic"	"10.1038/s10038-022-01077-2"
12791	"13-32972297-A-G"	"13-32398160-A-G"	"BRCA2"	"NM_000059.4:c.9649-2A>G"	"Unspecified"	"Splice-altering"	"Intronic"	"10.1093/nar/gky372"
12792	"13-32972695-A-G"	"13-32398558-A-G"	"BRCA2"	"NM_000059.4:c.10045A>G"	"RT-PCR"	"Normal"	"Exonic"	"10.1038/s41436-020-0766-9"
12793	"13-32972899-T-C"	"13-32398762-T-C"	"BRCA2"	"NM_000059.4:c.10249T>C"	"RT-PCR"	"Normal"	"Exonic"	"10.1038/s41436-020-0766-9"
20823	"17-41197819-GC-AA"	"17-43045802-GC-AA"	"BRCA1"	"NM_007294.4:c.5468-1_5468delinsTT"	"RT-PCR"	"Splice-altering"	"Exonic"	"10.3389/fgene.2018.00366"
20824	"17-41197820-C-T"	"17-43045803-C-T"	"BRCA1"	"NM_007294.4:c.5468-1G>A"	"Minigene Assay,RT-PCR"	"Splice-altering"	"Intronic"	"10.3389/fgene.2018.00366"
20825	"17-41197821-T-C"	"17-43045804-T-C"	"BRCA1"	"NM_007294.4:c.5468-2A>G"	"RT-PCR"	"Splice-altering"	"Intronic"	"10.1093/nar/gky372"
20826	"17-41197824-A-T"	"17-43045807-A-T"	"BRCA1"	"NM_007294.4:c.5468-5T>A"	"RT-PCR"	"Normal"	"Intronic"	"10.1093/nar/gky372"
20827	"17-41197827-C-T"	"17-43045810-C-T"	"BRCA1"	"NM_007294.4:c.5468-8G>A"	"RT-PCR"	"Normal"	"Intronic"	"10.1093/nar/gky372"
20828	"17-41197829-G-T"	"17-43045812-G-T"	"BRCA1"	"NM_007294.4:c.5468-10C>A"	"RT-PCR"	"Normal"	"Intronic"	"10.1093/nar/gky372"
20829	"17-41199651-G-T"	"17-43047634-G-T"	"BRCA1"	"NM_007294.4:c.5467+9C>A"	"Minigene Assay,RT-PCR"	"Normal"	"Intronic"	"10.3389/fgene.2018.00366"
20830	"17-41199655-C-G"	"17-43047638-C-G"	"BRCA1"	"NM_007294.4:c.5467+5G>C"	"RT-PCR"	"Splice-altering"	"Intronic"	"10.1093/nar/gky372"
20831	"17-41199658-A-G"	"17-43047641-A-G"	"BRCA1"	"NM_007294.4:c.5467+2T>C"	"RT-PCR"	"Splice-altering"	"Intronic"	"10.1093/nar/gky372"
20832	"17-41199659-C-T"	"17-43047642-C-T"	"BRCA1"	"NM_007294.4:c.5467+1G>A"	"RT-PCR"	"Splice-altering"	"Intronic"	"10.1093/nar/gky372"
20833	"17-41199660-C-T"	"17-43047643-C-T"	"BRCA1"	"NM_007294.4:c.5467G>A"	"RT-PCR"	"Splice-altering"	"Exonic"	"10.1093/nar/gky372"
20834	"17-41199673-G-A"	"17-43047656-G-A"	"BRCA1"	"NM_007294.4:c.5454C>T"	"cBROCA"	"Normal"	"Exonic"	"10.1073/pnas.1915608116"
20835	"17-41199674-T-C"	"17-43047657-T-C"	"BRCA1"	"NM_007294.4:c.5453A>G"	"RT-PCR"	"Splice-altering"	"Exonic"	"10.1002/humu.22388"
20838	"17-41199693-G-C"	"17-43047676-G-C"	"BRCA1"	"NM_007294.4:c.5434C>G"	"MaPSy,Minigene Assay,RT-PCR"	"Splice-altering"	"Exonic"	"10.1002/humu.22388,10.1038/ng.3837,10.1038/ng.3837"
20841	"17-41199696-G-T"	"17-43047679-G-T"	"BRCA1"	"NM_007294.4:c.5431C>A"	"RT-PCR"	"Normal"	"Exonic"	"10.1038/s41436-020-0766-9"
20842	"17-41199698-A-C"	"17-43047681-A-C"	"BRCA1"	"NM_007294.4:c.5429T>G"	"MaPSy"	"Splice-altering"	"Exonic"	"10.1038/ng.3837,10.1038/ng.3837"
20843	"17-41199701-A-G"	"17-43047684-A-G"	"BRCA1"	"NM_007294.4:c.5426T>C"	"MaPSy"	"Normal"	"Exonic"	"10.1038/ng.3837,10.1038/ng.3837"
20846	"17-41199715-G-A"	"17-43047698-G-A"	"BRCA1"	"NM_007294.4:c.5412C>T"	"RT-PCR"	"Normal"	"Exonic"	"10.3389/fgene.2018.00366"
20848	"17-41199719-C-G"	"17-43047702-C-G"	"BRCA1"	"NM_007294.4:c.5408G>C"	"Unspecified"	"Splice-altering"	"Exonic"	"10.1093/nar/gky372"
20849	"17-41199720-C-A"	"17-43047703-C-A"	"BRCA1"	"NM_007294.4:c.5407G>T"	"RT-PCR"	"Normal"	"Exonic"	"10.1038/s41436-020-0766-9"
20850	"17-41199722-T-C"	"17-43047705-T-C"	"BRCA1"	"NM_007294.4:c.5407-2A>G"	"RT-PCR"	"Splice-altering"	"Intronic"	"10.1093/nar/gky372"
20851	"17-41201130-A-G"	"17-43049113-A-G"	"BRCA1"	"NM_007294.4:c.5406+8T>C"	"Minigene Assay,RT-PCR"	"Normal"	"Intronic"	"10.1093/nar/gky372"
20852	"17-41201133-C-G"	"17-43049116-C-G"	"BRCA1"	"NM_007294.4:c.5406+5G>C"	"RT-PCR"	"Splice-altering"	"Intronic"	"10.1093/nar/gky372"
20853	"17-41201134-T-C"	"17-43049117-T-C"	"BRCA1"	"NM_007294.4:c.5406+4A>G"	"Unspecified"	"Splice-altering"	"Intronic"	"10.1093/nar/gky372"
20854	"17-41201135-T-A"	"17-43049118-T-A"	"BRCA1"	"NM_007294.4:c.5406+3A>T"	"Unspecified"	"Splice-altering"	"Intronic"	"10.1093/nar/gky372"
20855	"17-41201136-A-C"	"17-43049119-A-C"	"BRCA1"	"NM_007294.4:c.5406+2T>G"	"RT-PCR"	"Splice-altering"	"Intronic"	"10.1093/nar/gky372"
20856	"17-41201137-C-T"	"17-43049120-C-T"	"BRCA1"	"NM_007294.4:c.5406+1G>A"	"RT-PCR"	"Splice-altering"	"Intronic"	"10.1093/nar/gky372"
20858	"17-41201167-T-A"	"17-43049150-T-A"	"BRCA1"	"NM_007294.4:c.5377A>T"	"MaPSy"	"Normal"	"Exonic"	"10.1038/ng.3837,10.1038/ng.3837"
20867	"17-41201209-G-C"	"17-43049192-G-C"	"BRCA1"	"NM_007294.4:c.5335C>G"	"RT-PCR"	"Normal"	"Exonic"	"10.3389/fgene.2018.00366"
20868	"17-41201210-A-G"	"17-43049193-A-G"	"BRCA1"	"NM_007294.4:c.5334T>C"	"Minigene Assay,RT-PCR"	"Normal"	"Exonic"	"10.1093/nar/gky372"
20869	"17-41201211-T-C"	"17-43049194-T-C"	"BRCA1"	"NM_007294.4:c.5333A>G"	"Unspecified"	"Normal"	"Exonic"	"10.1093/nar/gky372"
20870	"17-41201212-C-A"	"17-43049195-C-A"	"BRCA1"	"NM_007294.4:c.5333-1G>T"	"Unspecified"	"Splice-altering"	"Intronic"	"10.1093/nar/gky372"
20871	"17-41201213-T-C"	"17-43049196-T-C"	"BRCA1"	"NM_007294.4:c.5333-2A>G"	"RT-PCR"	"Splice-altering"	"Intronic"	"10.3389/fgene.2018.00366"
20872	"17-41201214-A-C"	"17-43049197-A-C"	"BRCA1"	"NM_007294.4:c.5333-3T>G"	"RT-PCR"	"Splice-altering"	"Intronic"	"10.1093/nar/gky372"
20873	"17-41201217-A-C"	"17-43049200-A-C"	"BRCA1"	"NM_007294.4:c.5333-6T>G"	"Unspecified"	"Splice-altering"	"Intronic"	"10.1093/nar/gky372"
20874	"17-41201219-G-A"	"17-43049202-G-A"	"BRCA1"	"NM_007294.4:c.5333-8C>T"	"RT-PCR"	"Normal"	"Intronic"	"10.3389/fgene.2018.00366"
20875	"17-41203065-C-G"	"17-43051048-C-G"	"BRCA1"	"NM_007294.4:c.5332+15G>C"	"RT-PCR"	"Normal"	"Intronic"	"10.1002/humu.22388"
20876	"17-41203067-C-A"	"17-43051050-C-A"	"BRCA1"	"NM_007294.4:c.5332+13G>T"	"Minigene Assay,RT-PCR"	"Normal"	"Intronic"	"10.1002/humu.22388"
20877	"17-41203078-A-T"	"17-43051061-A-T"	"BRCA1"	"NM_007294.4:c.5332+2T>A"	"RT-PCR"	"Splice-altering"	"Intronic"	"10.1093/nar/gky372"
20878	"17-41203079-C-T"	"17-43051062-C-T"	"BRCA1"	"NM_007294.4:c.5332+1G>A"	"Unspecified"	"Splice-altering"	"Intronic"	"10.1093/nar/gky372"
20879	"17-41203080-C-G"	"17-43051063-C-G"	"BRCA1"	"NM_007294.4:c.5332G>C"	"MaPSy"	"Splice-altering"	"Exonic"	"10.1038/ng.3837,10.1038/ng.3837"
20880	"17-41203080-C-T"	"17-43051063-C-T"	"BRCA1"	"NM_007294.4:c.5332G>A"	"RT-PCR"	"Splice-altering"	"Exonic"	"10.1093/nar/gky372"
20881	"17-41203088-A-C"	"17-43051071-A-C"	"BRCA1"	"NM_007294.4:c.5324T>G"	"RT-PCR"	"Normal"	"Exonic"	"10.3389/fgene.2018.00366"
20888	"17-41203135-C-A"	"17-43051118-C-A"	"BRCA1"	"NM_007294.4:c.5278-1G>T"	"RT-PCR"	"Splice-altering"	"Intronic"	"10.1093/nar/gky372"
20889	"17-41203137-GGAA-G"	"17-43051120-GGAA-G"	"BRCA1"	"NM_007294.4:c.5278-6_5278-4del"	"Minigene Assay,RT-PCR"	"Normal"	"Intronic"	"10.3389/fgene.2018.00366"
20890	"17-41203148-G-C"	"17-43051131-G-C"	"BRCA1"	"NM_007294.4:c.5278-14C>G"	"RT-PCR"	"Normal"	"Intronic"	"10.1002/humu.22388"
20892	"17-41209052-G-C"	"17-43057035-G-C"	"BRCA1"	"NM_007294.4:c.5277+17C>G"	"MFASS"	"Normal"	"Intronic"	"10.1016/j.molcel.2018.10.037"
20894	"17-41209063-C-G"	"17-43057046-C-G"	"BRCA1"	"NM_007294.4:c.5277+6G>C"	"Unspecified"	"Normal"	"Intronic"	"10.1093/nar/gky372"
20895	"17-41209068-C-T"	"17-43057051-C-T"	"BRCA1"	"NM_007294.4:c.5277+1G>A"	"Minigene Assay,RT-PCR"	"Splice-altering"	"Intronic"	"10.1002/humu.22388"
20896	"17-41209069-C-A"	"17-43057052-C-A"	"BRCA1"	"NM_007294.4:c.5277G>T"	"Minigene Assay"	"Normal"	"Exonic"	"10.1038/s10038-022-01077-2"
20901	"17-41209086-C-G"	"17-43057069-C-G"	"BRCA1"	"NM_007294.4:c.5260G>C"	"MFASS"	"Normal"	"Exonic"	"10.1016/j.molcel.2018.10.037"
20916	"17-41209131-C-A"	"17-43057114-C-A"	"BRCA1"	"NM_007294.4:c.5215G>T"	"MaPSy"	"Normal"	"Exonic"	"10.1038/ng.3837,10.1038/ng.3837"
20919	"17-41209139-A-C"	"17-43057122-A-C"	"BRCA1"	"NM_007294.4:c.5207T>G"	"cBROCA"	"Normal"	"Exonic"	"10.1073/pnas.1915608116"
20920	"17-41209139-A-G"	"17-43057122-A-G"	"BRCA1"	"NM_007294.4:c.5207T>C"	"MaPSy,RT-PCR"	"Normal"	"Exonic"	"10.1038/s41436-020-0766-9,10.1038/ng.3837,10.1038/ng.3837"
20924	"17-41209148-T-C"	"17-43057131-T-C"	"BRCA1"	"NM_007294.4:c.5198A>G"	"RT-PCR"	"Normal"	"Exonic"	"10.1038/s41436-020-0766-9"
20925	"17-41209153-C-A"	"17-43057136-C-A"	"BRCA1"	"NM_007294.4:c.5194-1G>T"	"Unspecified"	"Splice-altering"	"Intronic"	"10.1093/nar/gky372"
20926	"17-41209158-A-G"	"17-43057141-A-G"	"BRCA1"	"NM_007294.4:c.5194-6T>C"	"RT-PCR"	"Normal"	"Intronic"	"10.1093/nar/gky372"
20927	"17-41209164-C-T"	"17-43057147-C-T"	"BRCA1"	"NM_007294.4:c.5194-12G>A"	"Minigene Assay"	"Splice-altering"	"Intronic"	"10.1093/nar/gky372"
20928	"17-41209170-C-T"	"17-43057153-C-T"	"BRCA1"	"NM_007294.4:c.5194-18G>A"	"Minigene Assay,RT-PCR"	"Normal"	"Intronic"	"10.1002/humu.22388"
20929	"17-41209178-C-T"	"17-43057161-C-T"	"BRCA1"	"NM_007294.4:c.5194-26G>A"	"MFASS"	"Normal"	"Intronic"	"10.1016/j.molcel.2018.10.037"
20930	"17-41209182-A-G"	"17-43057165-A-G"	"BRCA1"	"NM_007294.4:c.5194-30T>C"	"MFASS"	"Normal"	"Intronic"	"10.1016/j.molcel.2018.10.037"
20933	"17-41209188-G-C"	"17-43057171-G-C"	"BRCA1"	"NM_007294.4:c.5194-36C>G"	"MFASS"	"Normal"	"Intronic"	"10.1016/j.molcel.2018.10.037"
20934	"17-41215347-TA-T"	"17-43063330-TA-T"	"BRCA1"	"NM_007294.4:c.5193+2del"	"RT-PCR"	"Splice-altering"	"Intronic"	"10.1093/nar/gky372"
20935	"17-41215348-A-C"	"17-43063331-A-C"	"BRCA1"	"NM_007294.4:c.5193+2T>G"	"Unspecified"	"Splice-altering"	"Intronic"	"10.1093/nar/gky372"
20937	"17-41215385-T-C"	"17-43063368-T-C"	"BRCA1"	"NM_007294.4:c.5158A>G"	"RT-PCR"	"Normal"	"Exonic"	"10.3389/fgene.2018.00366"
20938	"17-41215386-C-A"	"17-43063369-C-A"	"BRCA1"	"NM_007294.4:c.5157G>T"	"RT-PCR"	"Normal"	"Exonic"	"10.1038/s41436-020-0766-9"
20939	"17-41215389-C-A"	"17-43063372-C-A"	"BRCA1"	"NM_007294.4:c.5154G>T"	"Unspecified"	"Normal"	"Exonic"	"10.1093/nar/gky372"
20940	"17-41215390-C-A"	"17-43063373-C-A"	"BRCA1"	"NM_007294.4:c.5153G>T"	"Minigene Assay"	"Normal"	"Exonic"	"10.1016/j.jmol2020.09.007"
20942	"17-41215391-C-T"	"17-43063374-C-T"	"BRCA1"	"NM_007294.4:c.5153-1G>A"	"Minigene Assay"	"Splice-altering"	"Intronic"	"10.1093/nar/gky372"
20943	"17-41215396-G-T"	"17-43063379-G-T"	"BRCA1"	"NM_007294.4:c.5153-6C>A"	"RT-PCR"	"Normal"	"Intronic"	"10.1093/nar/gky372"
20944	"17-41215416-T-C"	"17-43063399-T-C"	"BRCA1"	"NM_007294.4:c.5153-26A>G"	"RT-PCR"	"Splice-altering"	"Intronic"	"10.1038/s41436-020-0766-9"
20945	"17-41215805-CA-C"	"17-43063788-CA-C"	"BRCA1"	"NM_007294.4:c.5152+85del"	"Minigene Assay,RT-PCR"	"Normal"	"Intronic"	"10.1002/humu.22388"
20946	"17-41215885-A-G"	"17-43063868-A-G"	"BRCA1"	"NM_007294.4:c.5152+6T>C"	"RT-PCR"	"Splice-altering"	"Intronic"	"10.1038/s41436-020-0766-9"
20947	"17-41215886-C-G"	"17-43063869-C-G"	"BRCA1"	"NM_007294.4:c.5152+5G>C"	"RT-PCR"	"Splice-altering"	"Intronic"	"10.1038/s41436-020-0766-9"
20948	"17-41215887-T-A"	"17-43063870-T-A"	"BRCA1"	"NM_007294.4:c.5152+4A>T"	"RT-PCR"	"Splice-altering"	"Intronic"	"10.3389/fgene.2018.00366"
20949	"17-41215888-T-G"	"17-43063871-T-G"	"BRCA1"	"NM_007294.4:c.5152+3A>C"	"RT-PCR"	"Splice-altering"	"Intronic"	"10.3389/fgene.2018.00366"
20950	"17-41215890-C-G"	"17-43063873-C-G"	"BRCA1"	"NM_007294.4:c.5152+1G>C"	"Unspecified"	"Splice-altering"	"Intronic"	"10.1093/nar/gky372"
20958	"17-41215919-C-T"	"17-43063902-C-T"	"BRCA1"	"NM_007294.4:c.5124G>A"	"Minigene Assay"	"Normal"	"Exonic"	"10.1002/humu.22388"
20959	"17-41215920-G-T"	"17-43063903-G-T"	"BRCA1"	"NM_007294.4:c.5123C>A"	"MaPSy,Minigene Assay,RT-PCR"	"Splice-altering"	"Exonic"	"10.1038/ng.3837,10.1038/ng.3837,10.1002/humu.22388"
20960	"17-41215926-C-G"	"17-43063909-C-G"	"BRCA1"	"NM_007294.4:c.5117G>C"	"RT-PCR"	"Normal"	"Exonic"	"10.1002/humu.22388"
20964	"17-41215946-C-T"	"17-43063929-C-T"	"BRCA1"	"NM_007294.4:c.5097G>A"	"cBROCA"	"Normal"	"Exonic"	"10.1073/pnas.1915608116"
20970	"17-41215963-C-A"	"17-43063946-C-A"	"BRCA1"	"NM_007294.4:c.5080G>T"	"MaPSy,RT-PCR"	"Splice-altering"	"Exonic"	"10.1038/ng.3837,10.1038/ng.3837,10.1002/humu.22388"
20971	"17-41215968-T-A"	"17-43063951-T-A"	"BRCA1"	"NM_007294.4:c.5075A>T"	"MaPSy"	"Splice-altering"	"Exonic"	"10.1038/ng.3837,10.1038/ng.3837"
20972	"17-41215970-T-C"	"17-43063953-T-C"	"BRCA1"	"NM_007294.4:c.5075-2A>G"	"RT-PCR"	"Splice-altering"	"Intronic"	"10.1093/nar/gky372"
20973	"17-41215974-G-T"	"17-43063957-G-T"	"BRCA1"	"NM_007294.4:c.5075-6C>A"	"RT-PCR"	"Normal"	"Intronic"	"10.1093/nar/gky372"
20974	"17-41215976-A-C"	"17-43063959-A-C"	"BRCA1"	"NM_007294.4:c.5075-8T>G"	"RT-PCR"	"Splice-altering"	"Intronic"	"10.1093/nar/gky372"
20975	"17-41215977-T-A"	"17-43063960-T-A"	"BRCA1"	"NM_007294.4:c.5075-9A>T"	"RT-PCR"	"Normal"	"Intronic"	"10.1093/nar/gky372"
20976	"17-41215985-A-T"	"17-43063968-A-T"	"BRCA1"	"NM_007294.4:c.5075-17T>A"	"Minigene Assay"	"Normal"	"Intronic"	"10.1038/s10038-022-01077-2"
20977	"17-41216075-T-C"	"17-43064058-T-C"	"BRCA1"	"NM_007294.4:c.5075-107A>G"	"RT-PCR"	"Normal"	"Intronic"	"10.1002/humu.22388"
20979	"17-41219619-G-C"	"17-43067602-G-C"	"BRCA1"	"NM_007294.4:c.5074+6C>G"	"RT-PCR"	"Normal"	"Intronic"	"10.1093/nar/gky372"
20980	"17-41219620-T-A"	"17-43067603-T-A"	"BRCA1"	"NM_007294.4:c.5074+5A>T"	"RT-PCR"	"Normal"	"Intronic"	"10.1093/nar/gky372"
20981	"17-41219622-T-C"	"17-43067605-T-C"	"BRCA1"	"NM_007294.4:c.5074+3A>G"	"RT-PCR"	"Splice-altering"	"Intronic"	"10.1093/nar/gky372"
20982	"17-41219624-C-A"	"17-43067607-C-A"	"BRCA1"	"NM_007294.4:c.5074+1G>T"	"RT-PCR"	"Splice-altering"	"Intronic"	"10.1002/humu.22388"
20983	"17-41219625-C-A"	"17-43067608-C-A"	"BRCA1"	"NM_007294.4:c.5074G>T"	"Unspecified"	"Splice-altering"	"Exonic"	"10.1093/nar/gky372"
20984	"17-41219627-G-A"	"17-43067610-G-A"	"BRCA1"	"NM_007294.4:c.5072C>T"	"Unspecified"	"Splice-altering"	"Exonic"	"10.1093/nar/gky372"
20987	"17-41219633-A-G"	"17-43067616-A-G"	"BRCA1"	"NM_007294.4:c.5066T>C"	"RT-PCR"	"Normal"	"Exonic"	"10.3389/fgene.2018.00366"
20988	"17-41219634-TAAC-T"	"17-43067617-TAAC-T"	"BRCA1"	"NM_007294.4:c.5062_5064del"	"Minigene Assay,RT-PCR"	"Normal"	"Exonic"	"10.1002/humu.22388"
20992	"17-41219652-C-A"	"17-43067635-C-A"	"BRCA1"	"NM_007294.4:c.5047G>T"	"MaPSy"	"Splice-altering"	"Exonic"	"10.1038/ng.3837,10.1038/ng.3837"
20993	"17-41219675-G-A"	"17-43067658-G-A"	"BRCA1"	"NM_007294.4:c.5024C>T"	"RT-PCR"	"Normal"	"Exonic"	"10.1038/s41436-020-0766-9"
20994	"17-41219677-G-A"	"17-43067660-G-A"	"BRCA1"	"NM_007294.4:c.5022C>T"	"cBROCA"	"Splice-altering"	"Exonic"	"10.1073/pnas.1915608116"
20999	"17-41219707-G-A"	"17-43067690-G-A"	"BRCA1"	"NM_007294.4:c.4992C>T"	"cBROCA"	"Splice-altering"	"Exonic"	"10.1073/pnas.1915608116"
21000	"17-41219711-A-T"	"17-43067694-A-T"	"BRCA1"	"NM_007294.4:c.4988T>A"	"Unspecified"	"Splice-altering"	"Exonic"	"10.1093/nar/gky372"
21001	"17-41219712-T-A"	"17-43067695-T-A"	"BRCA1"	"NM_007294.4:c.4987A>T"	"Unspecified"	"Splice-altering"	"Exonic"	"10.1093/nar/gky372"
21002	"17-41219713-C-T"	"17-43067696-C-T"	"BRCA1"	"NM_007294.4:c.4987-1G>A"	"Unspecified"	"Splice-altering"	"Intronic"	"10.1093/nar/gky372"
21003	"17-41219714-T-C"	"17-43067697-T-C"	"BRCA1"	"NM_007294.4:c.4987-2A>G"	"RT-PCR"	"Splice-altering"	"Intronic"	"10.1093/nar/gky372"
21004	"17-41219715-G-C"	"17-43067698-G-C"	"BRCA1"	"NM_007294.4:c.4987-3C>G"	"RT-PCR"	"Splice-altering"	"Intronic"	"10.1093/nar/gky372"
21005	"17-41219717-A-G"	"17-43067700-A-G"	"BRCA1"	"NM_007294.4:c.4987-5T>C"	"Minigene Assay"	"Splice-altering"	"Intronic"	"10.1038/s10038-022-01077-2"
21006	"17-41219718-A-G"	"17-43067701-A-G"	"BRCA1"	"NM_007294.4:c.4987-6T>C"	"RT-PCR"	"Splice-altering"	"Intronic"	"10.1093/nar/gky372"
21007	"17-41219723-A-G"	"17-43067706-A-G"	"BRCA1"	"NM_007294.4:c.4987-11T>C"	"RT-PCR"	"Normal"	"Intronic"	"10.1038/s41436-020-0766-9"
21008	"17-41219732-T-C"	"17-43067715-T-C"	"BRCA1"	"NM_007294.4:c.4987-20A>G"	"RT-PCR"	"Normal"	"Intronic"	"10.1002/humu.22388"
21009	"17-41222926-T-C"	"17-43070909-T-C"	"BRCA1"	"NM_007294.4:c.4986+19A>G"	"Minigene Assay"	"Normal"	"Intronic"	"10.1038/s10038-022-01077-2"
21010	"17-41222939-A-C"	"17-43070922-A-C"	"BRCA1"	"NM_007294.4:c.4986+6T>G"	"RT-PCR"	"Splice-altering"	"Intronic"	"10.1002/humu.22388"
21011	"17-41222940-C-A"	"17-43070923-C-A"	"BRCA1"	"NM_007294.4:c.4986+5G>T"	"RT-PCR"	"Splice-altering"	"Intronic"	"10.1093/nar/gky372"
21012	"17-41222941-T-C"	"17-43070924-T-C"	"BRCA1"	"NM_007294.4:c.4986+4A>G"	"Unspecified"	"Splice-altering"	"Intronic"	"10.1093/nar/gky372"
21013	"17-41222942-C-G"	"17-43070925-C-G"	"BRCA1"	"NM_007294.4:c.4986+3G>C"	"RT-PCR"	"Splice-altering"	"Intronic"	"10.1093/nar/gky372"
21014	"17-41222944-C-A"	"17-43070927-C-A"	"BRCA1"	"NM_007294.4:c.4986+1G>T"	"Unspecified"	"Splice-altering"	"Intronic"	"10.1093/nar/gky372"
21015	"17-41222946-A-G"	"17-43070929-A-G"	"BRCA1"	"NM_007294.4:c.4985T>C"	"Unspecified"	"Normal"	"Exonic"	"10.1093/nar/gky372"
21016	"17-41222975-CA-TT"	"17-43070958-CA-TT"	"BRCA1"	"NM_007294.4:c.4955_4956delinsAA"	"RT-PCR"	"Normal"	"Exonic"	"10.1038/s41436-020-0766-9"
21017	"17-41223063-G-C"	"17-43071046-G-C"	"BRCA1"	"NM_007294.4:c.4868C>G"	"RT-PCR"	"Splice-altering"	"Exonic"	"10.1002/humu.22388"
21018	"17-41223165-C-T"	"17-43071148-C-T"	"BRCA1"	"NM_007294.4:c.4766G>A"	"RT-PCR"	"Normal"	"Exonic"	"10.1002/humu.22388"
21019	"17-41223173-C-A"	"17-43071156-C-A"	"BRCA1"	"NM_007294.4:c.4758G>T"	"Minigene Assay"	"Normal"	"Exonic"	"10.1002/humu.22388"
21020	"17-41223249-G-A"	"17-43071232-G-A"	"BRCA1"	"NM_007294.4:c.4682C>T"	"Minigene Assay"	"Normal"	"Exonic"	"10.1002/humu.22388"
21021	"17-41223263-G-C"	"17-43071246-G-C"	"BRCA1"	"NM_007294.4:c.4676-8C>G"	"RT-PCR"	"Normal"	"Intronic"	"10.1038/s41436-020-0766-9"
21022	"17-41226337-T-C"	"17-43074320-T-C"	"BRCA1"	"NM_007294.4:c.4675+11A>G"	"RT-PCR"	"Normal"	"Intronic"	"10.3389/fgene.2018.00366"
21023	"17-41226341-A-G"	"17-43074324-A-G"	"BRCA1"	"NM_007294.4:c.4675+7T>C"	"Minigene Assay"	"Normal"	"Intronic"	"10.1038/s10038-022-01077-2"
21024	"17-41226345-T-A"	"17-43074328-T-A"	"BRCA1"	"NM_007294.4:c.4675+3A>T"	"Minigene Assay,RT-PCR"	"Splice-altering"	"Intronic"	"10.3389/fgene.2018.00366"
21025	"17-41226347-C-G"	"17-43074330-C-G"	"BRCA1"	"NM_007294.4:c.4675+1G>C"	"RT-PCR"	"Splice-altering"	"Intronic"	"10.3389/fgene.2018.00366"
21026	"17-41226348-C-G"	"17-43074331-C-G"	"BRCA1"	"NM_007294.4:c.4675G>C"	"RT-PCR"	"Splice-altering"	"Exonic"	"10.1093/nar/gky372"
21027	"17-41226349-T-C"	"17-43074332-T-C"	"BRCA1"	"NM_007294.4:c.4674A>G"	"Minigene Assay,RT-PCR"	"Splice-altering"	"Exonic"	"10.3389/fgene.2018.00366"
21028	"17-41226421-C-T"	"17-43074404-C-T"	"BRCA1"	"NM_007294.4:c.4602G>A"	"Minigene Assay"	"Normal"	"Exonic"	"10.1002/humu.22388"
21029	"17-41226539-C-G"	"17-43074522-C-G"	"BRCA1"	"NM_007294.4:c.4485-1G>C"	"RT-PCR"	"Splice-altering"	"Intronic"	"10.1093/nar/gky372"
21030	"17-41226548-T-C"	"17-43074531-T-C"	"BRCA1"	"NM_007294.4:c.4485-10A>G"	"RT-PCR"	"Normal"	"Intronic"	"10.3389/fgene.2018.00366"
21031	"17-41228490-A-G"	"17-43076473-A-G"	"BRCA1"	"NM_007294.4:c.4484+15T>C"	"RT-PCR"	"Normal"	"Intronic"	"10.1038/s41436-020-0766-9"
21032	"17-41228491-T-C"	"17-43076474-T-C"	"BRCA1"	"NM_007294.4:c.4484+14A>G"	"Minigene Assay,RT-PCR"	"Normal"	"Intronic"	"10.3389/fgene.2018.00366"
21033	"17-41228500-C-G"	"17-43076483-C-G"	"BRCA1"	"NM_007294.4:c.4484+5G>C"	"RT-PCR"	"Splice-altering"	"Intronic"	"10.3389/fgene.2018.00366"
21034	"17-41228502-T-G"	"17-43076485-T-G"	"BRCA1"	"NM_007294.4:c.4484+3A>C"	"Minigene Assay"	"Splice-altering"	"Intronic"	"10.1038/s10038-022-01077-2"
21035	"17-41228504-C-A"	"17-43076487-C-A"	"BRCA1"	"NM_007294.4:c.4484+1G>T"	"RT-PCR"	"Splice-altering"	"Intronic"	"10.1093/nar/gky372"
21036	"17-41228505-C-A"	"17-43076488-C-A"	"BRCA1"	"NM_007294.4:c.4484G>T"	"RT-PCR"	"Splice-altering"	"Exonic"	"10.1093/nar/gky372"
21037	"17-41228596-T-C"	"17-43076579-T-C"	"BRCA1"	"NM_007294.4:c.4393A>G"	"RT-PCR"	"Normal"	"Exonic"	"10.1038/s41436-020-0766-9"
21038	"17-41228610-C-T"	"17-43076593-C-T"	"BRCA1"	"NM_007294.4:c.4379G>A"	"Minigene Assay,RT-PCR"	"Splice-altering"	"Exonic"	"10.1002/humu.22388"
21039	"17-41228632-CT-C"	"17-43076615-CT-C"	"BRCA1"	"NM_007294.4:c.4358-2del"	"Minigene Assay,RT-PCR"	"Normal"	"Intronic"	"10.3389/fgene.2018.00366"
21040	"17-41228641-G-A"	"17-43076624-G-A"	"BRCA1"	"NM_007294.4:c.4358-10C>T"	"RT-PCR"	"Normal"	"Intronic"	"10.1093/nar/gky372"
21041	"17-41228657-CTACTT-C"	"17-43076640-CTACTT-C"	"BRCA1"	"NM_007294.4:c.4358-31_4358-27del"	"RT-PCR"	"Splice-altering"	"Intronic"	"10.1038/s41436-020-0766-9"
21042	"17-41233899-GCTTT-G"	"17-43081882-GCTTT-G"	"BRCA1"	"NM_007294.4:c.4357+518_4357+521del"	"cBROCA"	"Normal"	"Intronic"	"10.1073/pnas.1915608116"
21043	"17-41234415-A-G"	"17-43082398-A-G"	"BRCA1"	"NM_007294.4:c.4357+6T>C"	"RT-PCR"	"Splice-altering"	"Intronic"	"10.1093/nar/gky372"
21044	"17-41234419-A-AC"	"17-43082402-A-AC"	"BRCA1"	"NM_007294.4:c.4357+1_4357+2insG"	"RT-PCR"	"Splice-altering"	"Intronic"	"10.1093/nar/gky372"
21045	"17-41234420-C-A"	"17-43082403-C-A"	"BRCA1"	"NM_007294.4:c.4357+1G>T"	"RT-PCR"	"Splice-altering"	"Intronic"	"10.1093/nar/gky372"
21046	"17-41234435-C-T"	"17-43082418-C-T"	"BRCA1"	"NM_007294.4:c.4343G>A"	"RT-PCR"	"Normal"	"Exonic"	"10.1038/s41436-020-0766-9"
21047	"17-41234602-C-T"	"17-43082585-C-T"	"BRCA1"	"NM_007294.4:c.4186-10G>A"	"Minigene Assay,RT-PCR"	"Normal"	"Intronic"	"10.3389/fgene.2018.00366"
21048	"17-41238856-G-A"	"17-43086839-G-A"	"BRCA1"	"NM_007294.4:c.4185+4105C>T"	"RT-PCR"	"Splice-altering"	"Intronic"	"10.1136/jmedgenet-2018-105606"
21049	"17-41242922-CCA-C"	"17-43090905-CCA-C"	"BRCA1"	"NM_007294.4:c.4185+37_4185+38del"	"cBROCA"	"Normal"	"Intronic"	"10.1073/pnas.1915608116"
21050	"17-41242939-CACACACACACACGCTTTTTA-T"	"17-43090922-CACACACACACACGCTTTTTA-T"	"BRCA1"	"NM_007294.4:c.4185+2_4185+21del"	"Unspecified"	"Splice-altering"	"Intronic"	"10.1093/nar/gky372"
21051	"17-41242941-C-T"	"17-43090924-C-T"	"BRCA1"	"NM_007294.4:c.4185+20G>A"	"Minigene Assay"	"Normal"	"Intronic"	"10.1038/s10038-022-01077-2"
21052	"17-41242952-G-A"	"17-43090935-G-A"	"BRCA1"	"NM_007294.4:c.4185+9C>T"	"RT-PCR"	"Normal"	"Intronic"	"10.1002/humu.22388"
21053	"17-41242958-T-A"	"17-43090941-T-A"	"BRCA1"	"NM_007294.4:c.4185+3A>T"	"RT-PCR"	"Splice-altering"	"Intronic"	"10.1093/nar/gky372"
21054	"17-41242961-C-G"	"17-43090944-C-G"	"BRCA1"	"NM_007294.4:c.4185G>C"	"RT-PCR"	"Splice-altering"	"Exonic"	"10.1093/nar/gky372"
21059	"17-41243049-C-T"	"17-43091032-C-T"	"BRCA1"	"NM_007294.4:c.4097G>A"	"Unspecified"	"Normal"	"Exonic"	"10.1093/nar/gky372"
21060	"17-41243051-T-C"	"17-43091034-T-C"	"BRCA1"	"NM_007294.4:c.4097-2A>G"	"RT-PCR"	"Splice-altering"	"Intronic"	"10.1093/nar/gky372"
21061	"17-41243060-A-G"	"17-43091043-A-G"	"BRCA1"	"NM_007294.4:c.4097-11T>C"	"RT-PCR"	"Normal"	"Intronic"	"10.1093/nar/gky372"
21062	"17-41243064-A-G"	"17-43091047-A-G"	"BRCA1"	"NM_007294.4:c.4097-15T>C"	"RT-PCR"	"Normal"	"Intronic"	"10.1002/humu.22388"
21063	"17-41243449-T-C"	"17-43091432-T-C"	"BRCA1"	"NM_007294.4:c.4096+3A>G"	"Unspecified"	"Splice-altering"	"Intronic"	"10.1093/nar/gky372"
21064	"17-41243451-C-T"	"17-43091434-C-T"	"BRCA1"	"NM_007294.4:c.4096+1G>A"	"RT-PCR"	"Splice-altering"	"Intronic"	"10.1093/nar/gky372"
21065	"17-41243456-G-C"	"17-43091439-G-C"	"BRCA1"	"NM_007294.4:c.4092C>G"	"RT-PCR"	"Normal"	"Exonic"	"10.1002/humu.22388"
21066	"17-41243487-T-C"	"17-43091470-T-C"	"BRCA1"	"NM_007294.4:c.4061A>G"	"Minigene Assay"	"Normal"	"Exonic"	"10.1002/humu.22388"
21067	"17-41243502-G-C"	"17-43091485-G-C"	"BRCA1"	"NM_007294.4:c.4046C>G"	"Minigene Assay"	"Normal"	"Exonic"	"10.1002/humu.22388"
21068	"17-41243509-T-C"	"17-43091492-T-C"	"BRCA1"	"NM_007294.4:c.4039A>G"	"Minigene Assay"	"Normal"	"Exonic"	"10.1002/humu.22388"
21069	"17-41243512-C-T"	"17-43091495-C-T"	"BRCA1"	"NM_007294.4:c.4036G>A"	"Minigene Assay"	"Normal"	"Exonic"	"10.1002/humu.22388"
21070	"17-41243521-C-G"	"17-43091504-C-G"	"BRCA1"	"NM_007294.4:c.4027G>C"	"Minigene Assay"	"Normal"	"Exonic"	"10.1002/humu.22388"
21071	"17-41243537-G-A"	"17-43091520-G-A"	"BRCA1"	"NM_007294.4:c.4011C>T"	"Minigene Assay"	"Normal"	"Exonic"	"10.1002/humu.22388"
21072	"17-41243570-A-G"	"17-43091553-A-G"	"BRCA1"	"NM_007294.4:c.3978T>C"	"Minigene Assay"	"Normal"	"Exonic"	"10.1002/humu.22388"
21073	"17-41243615-G-T"	"17-43091598-G-T"	"BRCA1"	"NM_007294.4:c.3933C>A"	"Minigene Assay"	"Normal"	"Exonic"	"10.1002/humu.22388"
21074	"17-41243654-TGAA-T"	"17-43091637-TGAA-T"	"BRCA1"	"NM_007294.4:c.3891_3893del"	"Minigene Assay"	"Normal"	"Exonic"	"10.1002/humu.22388"
21075	"17-41243658-G-A"	"17-43091641-G-A"	"BRCA1"	"NM_007294.4:c.3890C>T"	"Minigene Assay"	"Normal"	"Exonic"	"10.1002/humu.22388"
21076	"17-41243703-T-A"	"17-43091686-T-A"	"BRCA1"	"NM_007294.4:c.3845A>T"	"RT-PCR"	"Normal"	"Exonic"	"10.1038/s41436-020-0766-9"
21077	"17-41243725-T-C"	"17-43091708-T-C"	"BRCA1"	"NM_007294.4:c.3823A>G"	"Minigene Assay"	"Normal"	"Exonic"	"10.1002/humu.22388"
21078	"17-41243765-T-C"	"17-43091748-T-C"	"BRCA1"	"NM_007294.4:c.3783A>G"	"Minigene Assay"	"Normal"	"Exonic"	"10.1002/humu.22388"
21079	"17-41243800-C-T"	"17-43091783-C-T"	"BRCA1"	"NM_007294.4:c.3748G>A"	"Minigene Assay"	"Normal"	"Exonic"	"10.1002/humu.22388"
21080	"17-41243801-G-A"	"17-43091784-G-A"	"BRCA1"	"NM_007294.4:c.3747C>T"	"Minigene Assay"	"Normal"	"Exonic"	"10.1002/humu.22388"
21081	"17-41243831-A-T"	"17-43091814-A-T"	"BRCA1"	"NM_007294.4:c.3717T>A"	"Minigene Assay"	"Normal"	"Exonic"	"10.1002/humu.22388"
21082	"17-41243835-G-A"	"17-43091818-G-A"	"BRCA1"	"NM_007294.4:c.3713C>T"	"Minigene Assay"	"Normal"	"Exonic"	"10.1002/humu.22388"
21083	"17-41243840-A-C"	"17-43091823-A-C"	"BRCA1"	"NM_007294.4:c.3708T>G"	"Minigene Assay"	"Normal"	"Exonic"	"10.1002/humu.22388"
21084	"17-41243908-C-T"	"17-43091891-C-T"	"BRCA1"	"NM_007294.4:c.3640G>A"	"Minigene Assay"	"Normal"	"Exonic"	"10.1002/humu.22388"
21085	"17-41243912-T-C"	"17-43091895-T-C"	"BRCA1"	"NM_007294.4:c.3636A>G"	"Minigene Assay"	"Normal"	"Exonic"	"10.1002/humu.22388"
21086	"17-41243940-C-T"	"17-43091923-C-T"	"BRCA1"	"NM_007294.4:c.3608G>A"	"Minigene Assay"	"Normal"	"Exonic"	"10.1002/humu.22388"
21087	"17-41243969-G-A"	"17-43091952-G-A"	"BRCA1"	"NM_007294.4:c.3579C>T"	"Minigene Assay"	"Normal"	"Exonic"	"10.1002/humu.22388"
21088	"17-41244000-T-C"	"17-43091983-T-C"	"BRCA1"	"NM_007294.4:c.3548A>G"	"Minigene Assay"	"Normal"	"Exonic"	"10.1002/humu.22388"
21089	"17-41244130-T-C"	"17-43092113-T-C"	"BRCA1"	"NM_007294.4:c.3418A>G"	"Minigene Assay"	"Normal"	"Exonic"	"10.1002/humu.22388"
21090	"17-41244189-A-T"	"17-43092172-A-T"	"BRCA1"	"NM_007294.4:c.3359T>A"	"Minigene Assay"	"Normal"	"Exonic"	"10.1002/humu.22388"
21091	"17-41244216-T-G"	"17-43092199-T-G"	"BRCA1"	"NM_007294.4:c.3332A>C"	"Minigene Assay"	"Normal"	"Exonic"	"10.1002/humu.22388"
21092	"17-41244218-CTTT-C"	"17-43092201-CTTT-C"	"BRCA1"	"NM_007294.4:c.3327_3329del"	"Minigene Assay"	"Normal"	"Exonic"	"10.1002/humu.22388"
21093	"17-41244246-C-T"	"17-43092229-C-T"	"BRCA1"	"NM_007294.4:c.3302G>A"	"Minigene Assay"	"Normal"	"Exonic"	"10.1002/humu.22388"
21094	"17-41244252-G-A"	"17-43092235-G-A"	"BRCA1"	"NM_007294.4:c.3296C>T"	"Minigene Assay"	"Normal"	"Exonic"	"10.1002/humu.22388"
21095	"17-41244405-C-T"	"17-43092388-C-T"	"BRCA1"	"NM_007294.4:c.3143G>A"	"Minigene Assay"	"Normal"	"Exonic"	"10.1002/humu.22388"
21096	"17-41244429-C-T"	"17-43092412-C-T"	"BRCA1"	"NM_007294.4:c.3119G>A"	"Minigene Assay"	"Normal"	"Exonic"	"10.1002/humu.22388"
21097	"17-41244435-T-C"	"17-43092418-T-C"	"BRCA1"	"NM_007294.4:c.3113A>G"	"Minigene Assay"	"Normal"	"Exonic"	"10.1002/humu.22388"
21098	"17-41244501-T-C"	"17-43092484-T-C"	"BRCA1"	"NM_007294.4:c.3047A>G"	"RT-PCR"	"Normal"	"Exonic"	"10.1038/s41436-020-0766-9"
21099	"17-41244524-C-A"	"17-43092507-C-A"	"BRCA1"	"NM_007294.4:c.3024G>T"	"Minigene Assay"	"Normal"	"Exonic"	"10.1002/humu.22388"
21100	"17-41244526-T-C"	"17-43092509-T-C"	"BRCA1"	"NM_007294.4:c.3022A>G"	"Minigene Assay"	"Normal"	"Exonic"	"10.1002/humu.22388"
21101	"17-41244527-T-C"	"17-43092510-T-C"	"BRCA1"	"NM_007294.4:c.3021A>G"	"Minigene Assay"	"Normal"	"Exonic"	"10.1002/humu.22388"
21102	"17-41244613-G-A"	"17-43092596-G-A"	"BRCA1"	"NM_007294.4:c.2935C>T"	"Minigene Assay"	"Normal"	"Exonic"	"10.1002/humu.22388"
21103	"17-41244617-T-C"	"17-43092600-T-C"	"BRCA1"	"NM_007294.4:c.2931A>G"	"Minigene Assay"	"Normal"	"Exonic"	"10.1002/humu.22388"
21104	"17-41244765-C-T"	"17-43092748-C-T"	"BRCA1"	"NM_007294.4:c.2783G>A"	"Minigene Assay"	"Normal"	"Exonic"	"10.1002/humu.22388"
21105	"17-41244815-T-C"	"17-43092798-T-C"	"BRCA1"	"NM_007294.4:c.2733A>G"	"Minigene Assay"	"Normal"	"Exonic"	"10.1002/humu.22388"
21106	"17-41244928-T-G"	"17-43092911-T-G"	"BRCA1"	"NM_007294.4:c.2620A>C"	"Minigene Assay"	"Normal"	"Exonic"	"10.1002/humu.22388"
21107	"17-41244936-G-A"	"17-43092919-G-A"	"BRCA1"	"NM_007294.4:c.2612C>T"	"Minigene Assay"	"Normal"	"Exonic"	"10.1002/humu.22388"
21108	"17-41244951-C-T"	"17-43092934-C-T"	"BRCA1"	"NM_007294.4:c.2597G>A"	"Minigene Assay"	"Normal"	"Exonic"	"10.1002/humu.22388"
21109	"17-41244952-G-A"	"17-43092935-G-A"	"BRCA1"	"NM_007294.4:c.2596C>T"	"Minigene Assay"	"Normal"	"Exonic"	"10.1002/humu.22388"
21110	"17-41244964-T-C"	"17-43092947-T-C"	"BRCA1"	"NM_007294.4:c.2584A>G"	"Minigene Assay"	"Normal"	"Exonic"	"10.1002/humu.22388"
21111	"17-41244982-A-G"	"17-43092965-A-G"	"BRCA1"	"NM_007294.4:c.2566T>C"	"Minigene Assay"	"Normal"	"Exonic"	"10.1002/humu.22388"
21112	"17-41245026-C-T"	"17-43093009-C-T"	"BRCA1"	"NM_007294.4:c.2522G>A"	"Minigene Assay"	"Normal"	"Exonic"	"10.1002/humu.22388"
21113	"17-41245027-G-A"	"17-43093010-G-A"	"BRCA1"	"NM_007294.4:c.2521C>T"	"Minigene Assay"	"Normal"	"Exonic"	"10.1002/humu.22388"
21114	"17-41245045-G-A"	"17-43093028-G-A"	"BRCA1"	"NM_007294.4:c.2503C>T"	"Minigene Assay"	"Normal"	"Exonic"	"10.1002/humu.22388"
21115	"17-41245050-A-C"	"17-43093033-A-C"	"BRCA1"	"NM_007294.4:c.2498T>G"	"Minigene Assay"	"Normal"	"Exonic"	"10.1002/humu.22388"
21116	"17-41245060-T-C"	"17-43093043-T-C"	"BRCA1"	"NM_007294.4:c.2488A>G"	"Minigene Assay"	"Normal"	"Exonic"	"10.1002/humu.22388"
21117	"17-41245120-T-A"	"17-43093103-T-A"	"BRCA1"	"NM_007294.4:c.2428A>T"	"Minigene Assay"	"Normal"	"Exonic"	"10.1002/humu.22388"
21118	"17-41245233-A-G"	"17-43093216-A-G"	"BRCA1"	"NM_007294.4:c.2315T>C"	"Minigene Assay"	"Normal"	"Exonic"	"10.1002/humu.22388"
21119	"17-41245237-A-G"	"17-43093220-A-G"	"BRCA1"	"NM_007294.4:c.2311T>C"	"Minigene Assay"	"Normal"	"Exonic"	"10.1002/humu.22388"
21120	"17-41245272-T-C"	"17-43093255-T-C"	"BRCA1"	"NM_007294.4:c.2276A>G"	"Minigene Assay"	"Normal"	"Exonic"	"10.1002/humu.22388"
21121	"17-41245381-T-C"	"17-43093364-T-C"	"BRCA1"	"NM_007294.4:c.2167A>G"	"Minigene Assay"	"Normal"	"Exonic"	"10.1002/humu.22388"
21122	"17-41245425-G-C"	"17-43093408-G-C"	"BRCA1"	"NM_007294.4:c.2123C>G"	"Minigene Assay"	"Normal"	"Exonic"	"10.1002/humu.22388"
21123	"17-41245465-C-A"	"17-43093448-C-A"	"BRCA1"	"NM_007294.4:c.2083G>T"	"Minigene Assay"	"Normal"	"Exonic"	"10.1002/humu.22388"
21124	"17-41245466-G-A"	"17-43093449-G-A"	"BRCA1"	"NM_007294.4:c.2082C>T"	"Minigene Assay"	"Normal"	"Exonic"	"10.1002/humu.22388"
21125	"17-41245471-C-T"	"17-43093454-C-T"	"BRCA1"	"NM_007294.4:c.2077G>A"	"Minigene Assay"	"Normal"	"Exonic"	"10.1002/humu.22388"
21126	"17-41245479-T-C"	"17-43093462-T-C"	"BRCA1"	"NM_007294.4:c.2069A>G"	"Minigene Assay"	"Normal"	"Exonic"	"10.1002/humu.22388"
21127	"17-41245577-T-C"	"17-43093560-T-C"	"BRCA1"	"NM_007294.4:c.1971A>G"	"Minigene Assay"	"Normal"	"Exonic"	"10.1002/humu.22388"
21128	"17-41245589-T-G"	"17-43093572-T-G"	"BRCA1"	"NM_007294.4:c.1959A>C"	"Minigene Assay"	"Normal"	"Exonic"	"10.1002/humu.22388"
21129	"17-41245614-G-T"	"17-43093597-G-T"	"BRCA1"	"NM_007294.4:c.1934C>A"	"Minigene Assay"	"Normal"	"Exonic"	"10.1002/humu.22388"
21130	"17-41245621-T-C"	"17-43093604-T-C"	"BRCA1"	"NM_007294.4:c.1927A>G"	"Minigene Assay"	"Normal"	"Exonic"	"10.1002/humu.22388"
21131	"17-41245637-A-G"	"17-43093620-A-G"	"BRCA1"	"NM_007294.4:c.1911T>C"	"Minigene Assay"	"Normal"	"Exonic"	"10.1002/humu.22388"
21132	"17-41245664-A-C"	"17-43093647-A-C"	"BRCA1"	"NM_007294.4:c.1884T>G"	"Minigene Assay"	"Normal"	"Exonic"	"10.1002/humu.22388"
21133	"17-41245670-T-C"	"17-43093653-T-C"	"BRCA1"	"NM_007294.4:c.1878A>G"	"Minigene Assay"	"Normal"	"Exonic"	"10.1002/humu.22388"
21134	"17-41245671-A-C"	"17-43093654-A-C"	"BRCA1"	"NM_007294.4:c.1877T>G"	"Minigene Assay"	"Normal"	"Exonic"	"10.1002/humu.22388"
21135	"17-41245682-C-T"	"17-43093665-C-T"	"BRCA1"	"NM_007294.4:c.1866G>A"	"Minigene Assay"	"Normal"	"Exonic"	"10.1002/humu.22388"
21136	"17-41245683-G-A"	"17-43093666-G-A"	"BRCA1"	"NM_007294.4:c.1865C>T"	"Minigene Assay"	"Normal"	"Exonic"	"10.1002/humu.22388"
21137	"17-41245749-A-G"	"17-43093732-A-G"	"BRCA1"	"NM_007294.4:c.1799T>C"	"Minigene Assay"	"Normal"	"Exonic"	"10.1002/humu.22388"
21138	"17-41245767-A-G"	"17-43093750-A-G"	"BRCA1"	"NM_007294.4:c.1781T>C"	"Minigene Assay"	"Normal"	"Exonic"	"10.1002/humu.22388"
21139	"17-41245777-T-G"	"17-43093760-T-G"	"BRCA1"	"NM_007294.4:c.1771A>C"	"Minigene Assay"	"Normal"	"Exonic"	"10.1002/humu.22388"
21140	"17-41245817-T-C"	"17-43093800-T-C"	"BRCA1"	"NM_007294.4:c.1731A>G"	"RT-PCR"	"Normal"	"Exonic"	"10.1038/s41436-020-0766-9"
21141	"17-41245825-C-T"	"17-43093808-C-T"	"BRCA1"	"NM_007294.4:c.1723G>A"	"Minigene Assay"	"Normal"	"Exonic"	"10.1002/humu.22388"
21142	"17-41245900-T-G"	"17-43093883-T-G"	"BRCA1"	"NM_007294.4:c.1648A>C"	"Minigene Assay"	"Normal"	"Exonic"	"10.1002/humu.22388"
21143	"17-41245917-T-G"	"17-43093900-T-G"	"BRCA1"	"NM_007294.4:c.1631A>C"	"Minigene Assay"	"Normal"	"Exonic"	"10.1002/humu.22388"
21144	"17-41245947-T-C"	"17-43093930-T-C"	"BRCA1"	"NM_007294.4:c.1601A>G"	"Minigene Assay"	"Normal"	"Exonic"	"10.1002/humu.22388"
21145	"17-41245977-G-A"	"17-43093960-G-A"	"BRCA1"	"NM_007294.4:c.1571C>T"	"Minigene Assay"	"Normal"	"Exonic"	"10.1002/humu.22388"
21146	"17-41245986-G-A"	"17-43093969-G-A"	"BRCA1"	"NM_007294.4:c.1562C>T"	"Minigene Assay"	"Normal"	"Exonic"	"10.1002/humu.22388"
21147	"17-41246014-G-C"	"17-43093997-G-C"	"BRCA1"	"NM_007294.4:c.1534C>G"	"Minigene Assay"	"Normal"	"Exonic"	"10.1002/humu.22388"
21148	"17-41246061-C-T"	"17-43094044-C-T"	"BRCA1"	"NM_007294.4:c.1487G>A"	"Minigene Assay"	"Normal"	"Exonic"	"10.1002/humu.22388"
21149	"17-41246062-G-A"	"17-43094045-G-A"	"BRCA1"	"NM_007294.4:c.1486C>T"	"Minigene Assay"	"Normal"	"Exonic"	"10.1002/humu.22388"
21150	"17-41246092-A-G"	"17-43094075-A-G"	"BRCA1"	"NM_007294.4:c.1456T>C"	"Minigene Assay"	"Normal"	"Exonic"	"10.1002/humu.22388"
21151	"17-41246121-T-C"	"17-43094104-T-C"	"BRCA1"	"NM_007294.4:c.1427A>G"	"Minigene Assay"	"Normal"	"Exonic"	"10.1002/humu.22388"
21152	"17-41246158-T-C"	"17-43094141-T-C"	"BRCA1"	"NM_007294.4:c.1390A>G"	"Minigene Assay"	"Normal"	"Exonic"	"10.1002/humu.22388"
21153	"17-41246164-C-T"	"17-43094147-C-T"	"BRCA1"	"NM_007294.4:c.1384G>A"	"Minigene Assay"	"Normal"	"Exonic"	"10.1002/humu.22388"
21154	"17-41246285-T-G"	"17-43094268-T-G"	"BRCA1"	"NM_007294.4:c.1263A>C"	"Minigene Assay"	"Normal"	"Exonic"	"10.1002/humu.22388"
21155	"17-41246298-T-C"	"17-43094281-T-C"	"BRCA1"	"NM_007294.4:c.1250A>G"	"Minigene Assay"	"Normal"	"Exonic"	"10.1002/humu.22388"
21156	"17-41246304-A-G"	"17-43094287-A-G"	"BRCA1"	"NM_007294.4:c.1244T>C"	"Minigene Assay"	"Normal"	"Exonic"	"10.1002/humu.22388"
21157	"17-41246389-A-T"	"17-43094372-A-T"	"BRCA1"	"NM_007294.4:c.1159T>A"	"Minigene Assay"	"Normal"	"Exonic"	"10.1002/humu.22388"
21158	"17-41246402-A-G"	"17-43094385-A-G"	"BRCA1"	"NM_007294.4:c.1146T>C"	"Minigene Assay"	"Normal"	"Exonic"	"10.1002/humu.22388"
21159	"17-41246411-A-C"	"17-43094394-A-C"	"BRCA1"	"NM_007294.4:c.1137T>G"	"Minigene Assay"	"Normal"	"Exonic"	"10.1002/humu.22388"
21160	"17-41246441-A-C"	"17-43094424-A-C"	"BRCA1"	"NM_007294.4:c.1107T>G"	"Minigene Assay"	"Normal"	"Exonic"	"10.1002/humu.22388"
21161	"17-41246481-T-C"	"17-43094464-T-C"	"BRCA1"	"NM_007294.4:c.1067A>G"	"Minigene Assay"	"Normal"	"Exonic"	"10.1002/humu.22388"
21162	"17-41246483-C-T"	"17-43094466-C-T"	"BRCA1"	"NM_007294.4:c.1065G>A"	"Minigene Assay"	"Normal"	"Exonic"	"10.1002/humu.22388"
21163	"17-41246527-C-T"	"17-43094510-C-T"	"BRCA1"	"NM_007294.4:c.1021G>A"	"Minigene Assay"	"Normal"	"Exonic"	"10.1002/humu.22388"
21164	"17-41246547-G-A"	"17-43094530-G-A"	"BRCA1"	"NM_007294.4:c.1001C>T"	"Minigene Assay"	"Normal"	"Exonic"	"10.1002/humu.22388"
21165	"17-41246553-C-T"	"17-43094536-C-T"	"BRCA1"	"NM_007294.4:c.995G>A"	"Minigene Assay"	"Normal"	"Exonic"	"10.1002/humu.22388"
21166	"17-41246567-T-C"	"17-43094550-T-C"	"BRCA1"	"NM_007294.4:c.981A>G"	"Minigene Assay"	"Normal"	"Exonic"	"10.1002/humu.22388"
21167	"17-41246602-T-C"	"17-43094585-T-C"	"BRCA1"	"NM_007294.4:c.946A>G"	"Minigene Assay"	"Normal"	"Exonic"	"10.1002/humu.22388"
21168	"17-41246613-C-G"	"17-43094596-C-G"	"BRCA1"	"NM_007294.4:c.935G>C"	"Minigene Assay"	"Normal"	"Exonic"	"10.1002/humu.22388"
21169	"17-41246694-T-C"	"17-43094677-T-C"	"BRCA1"	"NM_007294.4:c.854A>G"	"Minigene Assay"	"Normal"	"Exonic"	"10.1002/humu.22388"
21170	"17-41246712-T-G"	"17-43094695-T-G"	"BRCA1"	"NM_007294.4:c.836A>C"	"Minigene Assay"	"Normal"	"Exonic"	"10.1002/humu.22388"
21171	"17-41246793-C-T"	"17-43094776-C-T"	"BRCA1"	"NM_007294.4:c.755G>A"	"Minigene Assay"	"Normal"	"Exonic"	"10.1002/humu.22388"
21172	"17-41246835-T-G"	"17-43094818-T-G"	"BRCA1"	"NM_007294.4:c.713A>C"	"RT-PCR"	"Splice-altering"	"Exonic"	"10.1002/humu.22388"
21173	"17-41246855-C-A"	"17-43094838-C-A"	"BRCA1"	"NM_007294.4:c.693G>T"	"RT-PCR"	"Normal"	"Exonic"	"10.1002/humu.22388"
21174	"17-41246856-G-A"	"17-43094839-G-A"	"BRCA1"	"NM_007294.4:c.692C>T"	"RT-PCR"	"Normal"	"Exonic"	"10.1002/humu.22388"
21175	"17-41246879-T-G"	"17-43094862-T-G"	"BRCA1"	"NM_007294.4:c.671-2A>C"	"RT-PCR"	"Splice-altering"	"Intronic"	"10.1093/nar/gky372"
21176	"17-41247855-G-A"	"17-43095838-G-A"	"BRCA1"	"NM_007294.4:c.670+8C>T"	"Minigene Assay,RT-PCR"	"Normal"	"Intronic"	"10.1093/nar/gky372"
21177	"17-41247861-AC-A"	"17-43095844-AC-A"	"BRCA1"	"NM_007294.4:c.670+1del"	"Unspecified"	"Splice-altering"	"Intronic"	"10.1093/nar/gky372"
21178	"17-41247865-T-C"	"17-43095848-T-C"	"BRCA1"	"NM_007294.4:c.668A>G"	"Unspecified"	"Splice-altering"	"Exonic"	"10.1093/nar/gky372"
21179	"17-41247921-C-G"	"17-43095904-C-G"	"BRCA1"	"NM_007294.4:c.612G>C"	"RT-PCR"	"Normal"	"Exonic"	"10.1038/s41436-020-0766-9"
21180	"17-41247941-T-G"	"17-43095924-T-G"	"BRCA1"	"NM_007294.4:c.594-2A>C"	"RT-PCR"	"Splice-altering"	"Intronic"	"10.1093/nar/gky372"
21181	"17-41247943-T-C"	"17-43095926-T-C"	"BRCA1"	"NM_007294.4:c.594-4A>G"	"Unspecified"	"Normal"	"Intronic"	"10.1093/nar/gky372"
21182	"17-41247954-C-G"	"17-43095937-C-G"	"BRCA1"	"NM_007294.4:c.594-15G>C"	"Minigene Assay,RT-PCR"	"Normal"	"Intronic"	"10.1002/humu.22388"
21183	"17-41249253-T-C"	"17-43097236-T-C"	"BRCA1"	"NM_007294.4:c.593+8A>G"	"Unspecified"	"Normal"	"Intronic"	"10.1093/nar/gky372"
21184	"17-41249257-T-C"	"17-43097240-T-C"	"BRCA1"	"NM_007294.4:c.593+4A>G"	"Unspecified"	"Splice-altering"	"Intronic"	"10.1093/nar/gky372"
21185	"17-41249258-C-T"	"17-43097241-C-T"	"BRCA1"	"NM_007294.4:c.593+3G>A"	"RT-PCR"	"Normal"	"Intronic"	"10.1093/nar/gky372"
21189	"17-41249297-G-T"	"17-43097280-G-T"	"BRCA1"	"NM_007294.4:c.557C>A"	"Minigene Assay,RT-PCR"	"Splice-altering"	"Exonic"	"10.1002/humu.22388"
21190	"17-41249302-A-G"	"17-43097285-A-G"	"BRCA1"	"NM_007294.4:c.552T>C"	"Minigene Assay,RT-PCR"	"Normal"	"Exonic"	"10.1002/humu.22388"
21191	"17-41249308-TA-T"	"17-43097291-TA-T"	"BRCA1"	"NM_007294.4:c.548-3del"	"Minigene Assay,RT-PCR"	"Normal"	"Intronic"	"10.3389/fgene.2018.00366"
21192	"17-41249321-C-T"	"17-43097304-C-T"	"BRCA1"	"NM_007294.4:c.548-15G>A"	"Minigene Assay"	"Splice-altering"	"Intronic"	"10.1038/s10038-022-01077-2"
21193	"17-41249323-C-A"	"17-43097306-C-A"	"BRCA1"	"NM_007294.4:c.548-17G>T"	"Minigene Assay,RT-PCR"	"Normal"	"Intronic"	"10.1002/humu.22388"
21194	"17-41249363-TA-T"	"17-43097346-TA-T"	"BRCA1"	"NM_007294.4:c.548-58del"	"RT-PCR"	"Normal"	"Intronic"	"10.1002/humu.22388"
21195	"17-41251785-C-T"	"17-43099768-C-T"	"BRCA1"	"NM_007294.4:c.547+7G>A"	"RT-PCR"	"Normal"	"Intronic"	"10.1093/nar/gky372"
21196	"17-41251786-C-T"	"17-43099769-C-T"	"BRCA1"	"NM_007294.4:c.547+6G>A"	"Unspecified"	"Normal"	"Intronic"	"10.1093/nar/gky372"
21197	"17-41251789-T-A"	"17-43099772-T-A"	"BRCA1"	"NM_007294.4:c.547+3A>T"	"Minigene Assay"	"Splice-altering"	"Intronic"	"10.1038/s10038-022-01077-2"
21198	"17-41251790-A-G"	"17-43099773-A-G"	"BRCA1"	"NM_007294.4:c.547+2T>C"	"RT-PCR"	"Splice-altering"	"Intronic"	"10.1093/nar/gky372"
21199	"17-41251830-C-T"	"17-43099813-C-T"	"BRCA1"	"NM_007294.4:c.509G>A"	"RT-PCR"	"Normal"	"Exonic"	"10.1038/s41436-020-0766-9"
21200	"17-41251835-C-T"	"17-43099818-C-T"	"BRCA1"	"NM_007294.4:c.504G>A"	"Minigene Assay"	"Normal"	"Exonic"	"10.1038/s10038-022-01077-2"
21201	"17-41251900-A-C"	"17-43099883-A-C"	"BRCA1"	"NM_007294.4:c.442-3T>G"	"RT-PCR"	"Splice-altering"	"Intronic"	"10.1093/nar/gky372"
21202	"17-41251904-A-T"	"17-43099887-A-T"	"BRCA1"	"NM_007294.4:c.442-7T>A"	"Minigene Assay"	"Splice-altering"	"Intronic"	"10.1038/s10038-022-01077-2"
21203	"17-41251909-GGTAAAGAACA-G"	"17-43099892-GGTAAAGAACA-G"	"BRCA1"	"NM_007294.4:c.442-22_442-13del"	"RT-PCR"	"Splice-altering"	"Intronic"	"10.1002/humu.22388"
21204	"17-41256137-A-C"	"17-43104120-A-C"	"BRCA1"	"NM_007294.4:c.441+2T>G"	"Unspecified"	"Splice-altering"	"Intronic"	"10.1093/nar/gky372"
21205	"17-41256138-C-T"	"17-43104121-C-T"	"BRCA1"	"NM_007294.4:c.441+1G>A"	"RT-PCR"	"Splice-altering"	"Intronic"	"10.1093/nar/gky372"
21206	"17-41256157-T-C"	"17-43104140-T-C"	"BRCA1"	"NM_007294.4:c.423A>G"	"Minigene Assay"	"Normal"	"Exonic"	"10.1038/s10038-022-01077-2"
21207	"17-41256177-TGGC-T"	"17-43104160-TGGC-T"	"BRCA1"	"NM_007294.4:c.400_402del"	"RT-PCR"	"Splice-altering"	"Exonic"	"10.1002/humu.22388"
21208	"17-41256279-C-T"	"17-43104262-C-T"	"BRCA1"	"NM_007294.4:c.302-1G>A"	"RT-PCR"	"Splice-altering"	"Intronic"	"10.1093/nar/gky372"
21209	"17-41256281-G-C"	"17-43104264-G-C"	"BRCA1"	"NM_007294.4:c.302-3C>G"	"Minigene Assay"	"Splice-altering"	"Intronic"	"10.1093/nar/gky372"
21210	"17-41256283-A-G"	"17-43104266-A-G"	"BRCA1"	"NM_007294.4:c.302-5T>C"	"RT-PCR"	"Normal"	"Intronic"	"10.1093/nar/gky372"
21211	"17-41256299-CATT-C"	"17-43104282-CATT-C"	"BRCA1"	"NM_007294.4:c.302-24_302-22del"	"RT-PCR"	"Normal"	"Intronic"	"10.1002/humu.22388"
21212	"17-41256830-C-T"	"17-43104813-C-T"	"BRCA1"	"NM_007294.4:c.301+55G>A"	"cBROCA"	"Normal"	"Intronic"	"10.1073/pnas.1915608116"
21213	"17-41256865-T-C"	"17-43104848-T-C"	"BRCA1"	"NM_007294.4:c.301+20A>G"	"Minigene Assay"	"Normal"	"Intronic"	"10.1038/s10038-022-01077-2"
21214	"17-41256878-C-T"	"17-43104861-C-T"	"BRCA1"	"NM_007294.4:c.301+7G>A"	"RT-PCR"	"Normal"	"Intronic"	"10.1093/nar/gky372"
21215	"17-41256879-A-G"	"17-43104862-A-G"	"BRCA1"	"NM_007294.4:c.301+6T>C"	"RT-PCR"	"Splice-altering"	"Intronic"	"10.1093/nar/gky372"
21216	"17-41256883-A-C"	"17-43104866-A-C"	"BRCA1"	"NM_007294.4:c.301+2T>G"	"Minigene Assay,RNA-Seq"	"Splice-altering"	"Intronic"	"10.1101/gr.231951.117,10.1016/j.celrep.2018.03.052"
21217	"17-41256884-C-G"	"17-43104867-C-G"	"BRCA1"	"NM_007294.4:c.301+1G>C"	"RT-PCR"	"Splice-altering"	"Intronic"	"10.1093/nar/gky372"
21219	"17-41256900-C-G"	"17-43104883-C-G"	"BRCA1"	"NM_007294.4:c.286G>C"	"RT-PCR"	"Normal"	"Exonic"	"10.1038/s41436-020-0766-9"
21221	"17-41256938-A-C"	"17-43104921-A-C"	"BRCA1"	"NM_007294.4:c.248T>G"	"RT-PCR"	"Normal"	"Exonic"	"10.1002/humu.22388"
21222	"17-41256945-G-A"	"17-43104928-G-A"	"BRCA1"	"NM_007294.4:c.241C>T"	"MaPSy"	"Splice-altering"	"Exonic"	"10.1038/ng.3837,10.1038/ng.3837"
21223	"17-41256955-C-A"	"17-43104938-C-A"	"BRCA1"	"NM_007294.4:c.231G>T"	"Minigene Assay"	"Splice-altering"	"Exonic"	"10.1038/s10038-022-01077-2"
21226	"17-41256974-C-T"	"17-43104957-C-T"	"BRCA1"	"NM_007294.4:c.213-1G>A"	"Unspecified"	"Splice-altering"	"Intronic"	"10.1093/nar/gky372"
21227	"17-41256975-T-C"	"17-43104958-T-C"	"BRCA1"	"NM_007294.4:c.213-2A>G"	"RT-PCR"	"Splice-altering"	"Intronic"	"10.1093/nar/gky372"
21228	"17-41256978-A-C"	"17-43104961-A-C"	"BRCA1"	"NM_007294.4:c.213-5T>G"	"RT-PCR"	"Splice-altering"	"Intronic"	"10.1038/s41436-020-0766-9"
21229	"17-41256984-A-C"	"17-43104967-A-C"	"BRCA1"	"NM_007294.4:c.213-11T>G"	"Minigene Assay,RT-PCR"	"Splice-altering"	"Intronic"	"10.1093/nar/gky372"
21230	"17-41256985-T-C"	"17-43104968-T-C"	"BRCA1"	"NM_007294.4:c.213-12A>G"	"RT-PCR"	"Splice-altering"	"Intronic"	"10.1093/nar/gky372"
21231	"17-41256987-G-C"	"17-43104970-G-C"	"BRCA1"	"NM_007294.4:c.213-14C>G"	"RT-PCR"	"Splice-altering"	"Intronic"	"10.1038/s41436-020-0766-9"
21232	"17-41258450-A-T"	"17-43106433-A-T"	"BRCA1"	"NM_007294.4:c.212+23T>A"	"Minigene Assay,RT-PCR"	"Normal"	"Intronic"	"10.1002/humu.22388"
21233	"17-41258456-A-G"	"17-43106439-A-G"	"BRCA1"	"NM_007294.4:c.212+17T>C"	"RT-PCR"	"Normal"	"Intronic"	"10.3389/fgene.2018.00366"
21234	"17-41258470-T-C"	"17-43106453-T-C"	"BRCA1"	"NM_007294.4:c.212+3A>G"	"Minigene Assay,RT-PCR"	"Splice-altering"	"Intronic"	"10.1093/nar/gky372"
21235	"17-41258471-A-G"	"17-43106454-A-G"	"BRCA1"	"NM_007294.4:c.212+2T>C"	"RT-PCR"	"Splice-altering"	"Intronic"	"10.1093/nar/gky372"
21236	"17-41258472-C-A"	"17-43106455-C-A"	"BRCA1"	"NM_007294.4:c.212+1G>T"	"RT-PCR"	"Splice-altering"	"Intronic"	"10.1093/nar/gky372"
21237	"17-41258473-C-A"	"17-43106456-C-A"	"BRCA1"	"NM_007294.4:c.212G>T"	"RT-PCR"	"Splice-altering"	"Exonic"	"10.1038/s41436-020-0766-9"
21244	"17-41258495-A-C"	"17-43106478-A-C"	"BRCA1"	"NM_007294.4:c.190T>G"	"RT-PCR"	"Splice-altering"	"Exonic"	"10.1002/humu.22388"
21246	"17-41258496-T-A"	"17-43106479-T-A"	"BRCA1"	"NM_007294.4:c.189A>T"	"RT-PCR"	"Normal"	"Exonic"	"10.1038/s41436-020-0766-9"
21254	"17-41258520-C-T"	"17-43106503-C-T"	"BRCA1"	"NM_007294.4:c.165G>A"	"Minigene Assay,RT-PCR"	"Splice-altering"	"Exonic"	"10.1002/humu.22388"
21258	"17-41258550-T-A"	"17-43106533-T-A"	"BRCA1"	"NM_007294.4:c.135A>T"	"MaPSy"	"Splice-altering"	"Exonic"	"10.1038/ng.3837,10.1038/ng.3837"
21259	"17-41258551-C-G"	"17-43106534-C-G"	"BRCA1"	"NM_007294.4:c.135-1G>C"	"RT-PCR"	"Splice-altering"	"Intronic"	"10.1093/nar/gky372"
21260	"17-41258555-A-G"	"17-43106538-A-G"	"BRCA1"	"NM_007294.4:c.135-5T>C"	"RT-PCR"	"Normal"	"Intronic"	"10.3389/fgene.2018.00366"
21261	"17-41258556-A-C"	"17-43106539-A-C"	"BRCA1"	"NM_007294.4:c.135-6T>G"	"Unspecified"	"Splice-altering"	"Intronic"	"10.1093/nar/gky372"
21262	"17-41258570-A-C"	"17-43106553-A-C"	"BRCA1"	"NM_007294.4:c.135-20T>G"	"cBROCA"	"Normal"	"Intronic"	"10.1073/pnas.1915608116"
21263	"17-41267737-A-C"	"17-43115720-A-C"	"BRCA1"	"NM_007294.4:c.134+6T>G"	"RT-PCR"	"Splice-altering"	"Intronic"	"10.1002/humu.22388"
21264	"17-41267738-C-A"	"17-43115721-C-A"	"BRCA1"	"NM_007294.4:c.134+5G>T"	"Minigene Assay,RT-PCR"	"Splice-altering"	"Intronic"	"10.3389/fgene.2018.00366"
21265	"17-41267740-T-A"	"17-43115723-T-A"	"BRCA1"	"NM_007294.4:c.134+3A>T"	"RT-PCR"	"Splice-altering"	"Intronic"	"10.1038/s41436-020-0766-9"
21266	"17-41267742-C-T"	"17-43115725-C-T"	"BRCA1"	"NM_007294.4:c.134+1G>A"	"RT-PCR"	"Splice-altering"	"Intronic"	"10.1093/nar/gky372"
21268	"17-41267744-T-G"	"17-43115727-T-G"	"BRCA1"	"NM_007294.4:c.133A>C"	"RT-PCR"	"Normal"	"Exonic"	"10.1093/nar/gky372"
21269	"17-41267745-G-A"	"17-43115728-G-A"	"BRCA1"	"NM_007294.4:c.132C>T"	"Unspecified"	"Splice-altering"	"Exonic"	"10.1093/nar/gky372"
21272	"17-41267752-AT-A"	"17-43115735-AT-A"	"BRCA1"	"NM_007294.4:c.124del"	"RT-PCR"	"Normal"	"Exonic"	"10.1002/humu.22388"
21278	"17-41267770-G-T"	"17-43115753-G-T"	"BRCA1"	"NM_007294.4:c.107C>A"	"RT-PCR"	"Normal"	"Exonic"	"10.1002/humu.22388"
21281	"17-41267796-A-G"	"17-43115779-A-G"	"BRCA1"	"NM_007294.4:c.81T>C"	"cBROCA"	"Normal"	"Exonic"	"10.1073/pnas.1915608116"
21282	"17-41267797-C-G"	"17-43115780-C-G"	"BRCA1"	"NM_007294.4:c.81-1G>C"	"RT-PCR"	"Splice-altering"	"Intronic"	"10.1093/nar/gky372"
21283	"17-41267802-A-G"	"17-43115785-A-G"	"BRCA1"	"NM_007294.4:c.81-6T>C"	"RT-PCR"	"Normal"	"Intronic"	"10.1093/nar/gky372"
21284	"17-41267805-G-C"	"17-43115788-G-C"	"BRCA1"	"NM_007294.4:c.81-9C>G"	"RT-PCR"	"Splice-altering"	"Intronic"	"10.1093/nar/gky372"
21285	"17-41267806-TA-T"	"17-43115789-TA-T"	"BRCA1"	"NM_007294.4:c.81-11del"	"RT-PCR"	"Normal"	"Intronic"	"10.3389/fgene.2018.00366"
21286	"17-41267807-A-G"	"17-43115790-A-G"	"BRCA1"	"NM_007294.4:c.81-11T>C"	"RT-PCR"	"Normal"	"Intronic"	"10.3389/fgene.2018.00366"
21287	"17-41267808-G-C"	"17-43115791-G-C"	"BRCA1"	"NM_007294.4:c.81-12C>G"	"RT-PCR"	"Normal"	"Intronic"	"10.1093/nar/gky372"
21288	"17-41267809-G-C"	"17-43115792-G-C"	"BRCA1"	"NM_007294.4:c.81-13C>G"	"RT-PCR"	"Normal"	"Intronic"	"10.3389/fgene.2018.00366"
21289	"17-41267810-G-A"	"17-43115793-G-A"	"BRCA1"	"NM_007294.4:c.81-14C>T"	"RT-PCR"	"Normal"	"Intronic"	"10.1002/humu.22388"
21290	"17-41267845-T-G"	"17-43115828-T-G"	"BRCA1"	"NM_007294.4:c.81-49A>C"	"Minigene Assay,RT-PCR"	"Normal"	"Intronic"	"10.1002/humu.22388"
21291	"17-41267861-C-G"	"17-43115844-C-G"	"BRCA1"	"NM_007294.4:c.81-65G>C"	"Minigene Assay,RT-PCR"	"Normal"	"Intronic"	"10.1038/s41436-020-0766-9,10.1002/humu.22388"
21292	"17-41276029-C-T"	"17-43124012-C-T"	"BRCA1"	"NM_007294.4:c.80+5G>A"	"Minigene Assay,RT-PCR"	"Splice-altering"	"Intronic"	"10.3389/fgene.2018.00366"
21293	"17-41276033-C-T"	"17-43124016-C-T"	"BRCA1"	"NM_007294.4:c.80+1G>A"	"RNA-Seq,RT-PCR"	"Splice-altering"	"Intronic"	"10.1093/nar/gky372,10.1101/gr.231951.117"
21294	"17-41276039-G-A"	"17-43124022-G-A"	"BRCA1"	"NM_007294.4:c.75C>T"	"cBROCA"	"Normal"	"Exonic"	"10.1073/pnas.1915608116"
21295	"17-41276078-T-C"	"17-43124061-T-C"	"BRCA1"	"NM_007294.4:c.36A>G"	"RT-PCR"	"Normal"	"Exonic"	"10.1038/s41436-020-0766-9"
21296	"17-41276095-G-A"	"17-43124078-G-A"	"BRCA1"	"NM_007294.4:c.19C>T"	"RT-PCR"	"Normal"	"Exonic"	"10.1038/s41436-020-0766-9"
21297	"17-41276142-A-G"	"17-43124125-A-G"	"BRCA1"	"NM_007294.4:c.-19-10T>C"	"RT-PCR"	"Normal"	"Intronic"	"10.1093/nar/gky372"
